,Unnamed: 0,Method,MAE,F1_Test,Time(s),T0,T1,T2,T3,seed_data,seed_models
0,0,DA,0.3809644351383042,0.8878271707519735,21.28981876373291,0.0716685655171569,-0.0071384603811986,0.0037990877924944,0.0080717925620348,6,0
1,1,Dragonnet,0.37757758155055,0.861496136865098,166.11966180801392,0.0932386592030525,-0.0216467529535293,0.0039849439635872,0.0147432619705796,6,0
2,2,CEVAE,0.3071088493946906,0.8633688298655171,229.9931983947754,0.1646103858947754,0.0665713995695114,-0.070965901017189,0.0620774663984775,6,0
3,3,M3E2,0.187907787050129,0.7847291625024985,73.16450572013855,1.2145464420318604,0.493877500295639,-0.1716009676456451,0.396459549665451,6,0
4,4,TrueTreat,0.0,0.0,0.0,1.0275229357798166,0.2568807339449541,-0.2055045871559633,0.1027522935779817,6,0
5,5,DA,0.3911089478875241,0.8921609290750725,7.852785348892212,0.0483982296501273,-0.0072814159922257,0.0193062603278318,0.0064142055785497,6,1
6,6,Dragonnet,0.3868738039076294,0.8537480945934357,161.69993925094604,0.0776755064725875,-0.0273417998105287,0.0166218560189008,0.0114534841850399,6,1
7,7,CEVAE,0.3270909533515538,0.8561813467240776,230.7955207824707,0.1857437789440155,0.0587905943393707,-0.0138093875721097,0.0259529761970043,6,1
8,8,M3E2,0.1606513541294347,0.7982731554160125,73.1112003326416,1.244173526763916,0.4059881269931793,-0.1335251182317733,0.3076202571392059,6,1
9,9,TrueTreat,0.0,0.0,0.0,1.0275229357798166,0.2568807339449541,-0.2055045871559633,0.1027522935779817,6,1
10,10,DA,0.381605346317603,0.8917326833231769,7.201572895050049,0.0688644295573093,-0.0014141523886807,0.0011309649761819,-8.01470041429029e-05,6,2
11,11,Dragonnet,0.3779472102090682,0.8453533237869766,197.7363812923432,0.100650854408741,-0.0215372443199157,0.0087786754593253,0.0105367749929428,6,2
12,12,CEVAE,0.2773989556502517,0.8457207046732651,230.56823658943176,0.2323377728462219,0.1314556300640106,-0.0897886529564857,0.0294826719909906,6,2
13,13,M3E2,0.1437506430261179,0.8098250837365092,73.74072861671448,0.8067150115966797,0.2569380402565002,-0.0778924375772476,0.3292774856090545,6,2
14,14,TrueTreat,0.0,0.0,0.0,1.0275229357798166,0.2568807339449541,-0.2055045871559633,0.1027522935779817,6,2
15,15,DA,0.3877537610247638,0.8799335272122976,7.305245876312256,0.0635276113326863,-0.0022857252994532,0.0222909137809648,0.0026945341073923,6,3
16,16,Dragonnet,0.3873191962178413,0.8384079462027724,247.9933843612671,0.1058895140886306,-0.0295273810625076,0.033433511853218,0.0004551444144453,6,3
17,17,CEVAE,0.3133430244546349,0.8455503976538963,230.87853837013245,0.2457814365625381,0.026738142594695,-0.0747903436422348,-0.0080214701592922,6,3
18,18,M3E2,0.3803208009502209,0.8032258064516128,73.55398058891296,-0.3280554115772247,0.2604393661022186,-0.2318526655435562,0.2385504394769668,6,3
19,19,TrueTreat,0.0,0.0,0.0,1.0275229357798166,0.2568807339449541,-0.2055045871559633,0.1027522935779817,6,3
20,20,DA,0.3886547543476133,0.8856907894736842,7.795327186584473,0.0700712455954432,-0.0179632724877357,0.0142902711128892,0.0002238310734443,6,4
21,21,Dragonnet,0.3876594399247284,0.8600589260712168,180.49012637138367,0.0877595916390419,-0.0399985946714878,0.0138137955218553,0.0080755893141031,6,4
22,22,CEVAE,0.299143092814457,0.8628730434149455,231.1731832027436,0.2205274403095245,0.0362109020352363,-0.0952714756131172,0.0440783612430095,6,4
23,23,M3E2,0.3904782016069517,0.8055555555555556,73.58587121963501,-0.3365341424942016,0.2557358145713806,-0.2507296800613403,0.2542380094528198,6,4
24,24,TrueTreat,0.0,0.0,0.0,1.0275229357798166,0.2568807339449541,-0.2055045871559633,0.1027522935779817,6,4
25,25,DA,0.3863457253063818,0.8894358974358973,7.601835012435913,0.0578405567345715,0.0055942534411901,0.0171755789620484,0.0010184180194751,6,5
26,26,Dragonnet,0.3870351092103835,0.8469413320663189,173.71923327445984,0.1002591475844383,-0.0206362791359424,0.024941112846136,-0.0101616419851779,6,5
27,27,CEVAE,0.2897175747115131,0.8508968188923252,231.07355308532715,0.2297344803810119,0.0899197310209274,-0.0649475008249282,0.0491885393857955,6,5
28,28,M3E2,0.3900321335694112,0.8053397091053993,73.9529435634613,-0.3188647329807281,0.2943036556243896,-0.2210215628147125,0.263553261756897,6,5
29,29,TrueTreat,0.0,0.0,0.0,1.0275229357798166,0.2568807339449541,-0.2055045871559633,0.1027522935779817,6,5
30,30,DA,0.3796917753112242,0.8813489615463705,7.659807920455933,0.0692337504042203,0.0035677785267791,0.0094231431767104,0.0105150634595297,6,6
31,31,Dragonnet,0.3747244962636347,0.8575139783858796,240.8039231300354,0.0853735730051994,-0.001333637163043,0.0066392309963703,0.0163618605583906,6,6
32,32,CEVAE,0.3194735959317501,0.8551337599040301,233.45601868629456,0.181146502494812,0.071390613913536,-0.0779105052351951,-0.015681454911828,6,6
33,33,M3E2,0.1561455532387241,0.8078101071975496,73.68458127975464,1.020180344581604,0.5612645745277405,-0.0267109517008066,0.2368144392967224,6,6
34,34,TrueTreat,0.0,0.0,0.0,1.0275229357798166,0.2568807339449541,-0.2055045871559633,0.1027522935779817,6,6
35,35,DA,0.3860973010549589,0.88911495422177,7.702768087387085,0.0616309766813893,-0.0011009289426645,0.0091343614415941,-0.0031243400582505,6,7
36,36,Dragonnet,0.3761573788273114,0.8618569978280287,168.82426071166992,0.0912360921502113,-0.0164207126945257,0.0006300655659288,0.0138457212597131,6,7
37,37,CEVAE,0.3172925520833548,0.8547414839102747,231.9200291633606,0.2504733204841614,0.0337671115994453,-0.0266935769468545,0.0125563330948352,6,7
38,38,M3E2,0.177732476974846,0.7775000000000001,73.53620862960815,1.2532925605773926,0.4558617770671844,-0.1172588765621185,0.3006858229637146,6,7
39,39,TrueTreat,0.0,0.0,0.0,1.0275229357798166,0.2568807339449541,-0.2055045871559633,0.1027522935779817,6,7
40,40,DA,0.3869120978680189,0.9080203045685278,7.195167541503906,0.0648403030336008,-0.011532540624339,0.0082054511586764,-9.015226394537574e-05,6,8
41,41,Dragonnet,0.3900657750112902,0.8622611725180187,198.9425041675568,0.0780280977487564,-0.0272230468690395,0.0236491523683071,0.0052415519021451,6,8
42,42,CEVAE,0.3065283718664165,0.8608920220044617,230.6123051643372,0.2281112372875213,0.0315176174044609,-0.0707583427429199,0.0361598655581474,6,8
43,43,M3E2,0.150802942003132,0.8007897334649556,73.41471457481384,1.2631173133850098,0.4412574768066406,-0.171804130077362,0.2522924840450287,6,8
44,44,TrueTreat,0.0,0.0,0.0,1.0275229357798166,0.2568807339449541,-0.2055045871559633,0.1027522935779817,6,8
45,45,DA,0.3845488006033091,0.883049147442327,7.393446445465088,0.0492520237882637,-0.0006342756498965,0.0092384033647794,0.0150860032718913,6,9
46,46,Dragonnet,0.3837283080123331,0.854396777359353,172.05577206611633,0.0945107117295265,-0.0214134249836206,0.0189644675701856,0.003614499233663,6,9
47,47,CEVAE,0.3060155665057651,0.8593992847145466,231.79134011268616,0.1697937995195388,0.082376129925251,-0.0402012206614017,0.1292774528264999,6,9
48,48,M3E2,0.2170198579728945,0.80895865237366,73.471675157547,0.8638197779655457,0.6005992889404297,-0.0134759824723005,0.2713814079761505,6,9
49,49,TrueTreat,0.0,0.0,0.0,1.0275229357798166,0.2568807339449541,-0.2055045871559633,0.1027522935779817,6,9
50,50,DA,0.3837972525461227,0.8894845360824742,7.245641469955444,0.0658573169442078,-0.0101731446882835,0.0178707977352749,0.0196581657535754,6,10
51,51,Dragonnet,0.3830245215125348,0.8578064343244071,196.7033224105835,0.0958021283149719,-0.0392255038022995,0.0131788486614823,0.0171646885573864,6,10
52,52,CEVAE,0.3296657589875127,0.8558077818347309,231.85822176933289,0.2167329490184784,0.0209881365299224,-0.0152333891019225,0.0210430398583412,6,10
53,53,M3E2,0.4041005909853025,0.7976716178241671,73.73387455940247,-0.3086113035678863,0.2705520987510681,-0.144340693950653,0.3081851601600647,6,10
54,54,TrueTreat,0.0,0.0,0.0,1.0275229357798166,0.2568807339449541,-0.2055045871559633,0.1027522935779817,6,10
55,55,DA,0.3829091165016806,0.8855557838504211,7.324460506439209,0.058062980093308,-0.0012744534527116,0.0187602690106459,0.0229958268220431,6,11
56,56,Dragonnet,0.385791515107822,0.849305984541327,212.2479712963104,0.085019901394844,-0.0262414794415235,0.028910543769598,0.0196266118437051,6,11
57,57,CEVAE,0.3285128251794691,0.8550950356569764,231.7481517791748,0.1851760596036911,0.0423590652644634,-0.0230728574097156,0.0280012674629688,6,11
58,58,M3E2,0.4108305336138524,0.791709002235318,73.86638736724854,-0.3329819440841675,0.266908198595047,-0.2700591087341308,0.3109875619411468,6,11
59,59,TrueTreat,0.0,0.0,0.0,1.0275229357798166,0.2568807339449541,-0.2055045871559633,0.1027522935779817,6,11
60,60,DA,0.3900087033456378,0.8823289902280131,20.672847270965576,0.0640376163949892,-0.0169507382361753,0.0199977159744584,0.0055365748918092,6,12
61,61,Dragonnet,0.3770489577349241,0.8533809634324019,132.8117380142212,0.1084101125597953,-0.0100180767476558,0.0287166442722082,0.0147893279790878,6,12
62,62,CEVAE,0.3082689709175344,0.8500729558372535,210.103374004364,0.219457671046257,0.0434295497834682,-0.0575456209480762,0.0391518250107765,6,12
63,63,M3E2,0.1847917799692635,0.7972972972972973,68.18780541419983,1.251373529434204,0.5534858703613281,-0.2257092297077179,0.3012590408325195,6,12
64,64,TrueTreat,0.0,0.0,0.0,1.0275229357798166,0.2568807339449541,-0.2055045871559633,0.1027522935779817,6,12
65,65,DA,0.3881229041039744,0.8995884773662551,7.037008047103882,0.077508483883896,-0.0092661551999244,0.0178947066003438,-0.0101786880408095,6,13
66,66,Dragonnet,0.3900848339457031,0.8583434546597631,146.3827543258667,0.0805869176983833,-0.0250075738877058,0.016273807734251,-0.0069843214005231,6,13
67,67,CEVAE,0.3156838890776004,0.8577604888532995,212.39568328857425,0.1863517761230468,0.1021998897194862,-0.0082236090674996,0.0331497192382812,6,13
68,68,M3E2,0.0468077912995028,0.8194888178913738,67.60904121398926,1.0102276802062988,0.3145008981227875,-0.1453120410442352,0.0506290942430496,6,13
69,69,TrueTreat,0.0,0.0,0.0,1.0275229357798166,0.2568807339449541,-0.2055045871559633,0.1027522935779817,6,13
70,70,DA,0.3862286796257252,0.8948875255623723,7.174760103225708,0.0710472423844773,-0.0149381140637598,0.0169182890909855,0.0085549927260829,6,14
71,71,Dragonnet,0.3901909767977219,0.8541198412023085,194.56405782699585,0.0825898200273513,-0.032755047082901,0.0180788896977901,0.0001407600211678,6,14
72,72,CEVAE,0.328978006835651,0.8557047077853421,212.97419786453247,0.1422872841358184,0.0690198168158531,-0.0243628025054931,0.0410786196589469,6,14
73,73,M3E2,0.0515142963430203,0.8159163987138264,68.82351565361023,0.960986852645874,0.2849002480506897,-0.2756099700927734,0.1441484987735748,6,14
74,74,TrueTreat,0.0,0.0,0.0,1.0275229357798166,0.2568807339449541,-0.2055045871559633,0.1027522935779817,6,14
75,75,DA,0.3896342958738995,0.8779188857025808,7.080693006515503,0.0575526611904329,-0.0079163224358606,0.0232978556733162,0.0077848838818616,6,15
76,76,Dragonnet,0.3934497317444499,0.859731627542889,129.7758750915527,0.0789117738604545,-0.0294565390795469,0.0133379194885492,-0.0172556918114423,6,15
77,77,CEVAE,0.329884556695443,0.8575601313775529,211.0256929397583,0.2152369618415832,0.0469534657895565,-0.0179978273808956,-0.0070659313350915,6,15
78,78,M3E2,0.3965538446099386,0.8149182289589151,68.0527548789978,-0.3449845612049103,0.2370293140411377,-0.2645711898803711,0.2375421524047851,6,15
79,79,TrueTreat,0.0,0.0,0.0,1.0275229357798166,0.2568807339449541,-0.2055045871559633,0.1027522935779817,6,15
80,80,DA,0.3833841942306526,0.8928059028489445,7.176725625991821,0.0686690970297147,-0.0010664933684206,0.0147232051821262,0.0062443750569374,6,16
81,81,Dragonnet,0.3961874594591524,0.8513861506040402,170.07748174667358,0.0768089368939399,-0.0270152408629655,0.0306647792458534,-0.0112182041630148,6,16
82,82,CEVAE,0.3022051268402453,0.8592329374080309,211.56017208099365,0.2275033891201019,0.092862531542778,-0.0565078891813755,0.006966233253479,6,16
83,83,M3E2,0.0778955319127358,0.811470408785845,68.35497379302979,0.9562573432922364,0.3055818080902099,-0.3461104035377502,0.153761938214302,6,16
84,84,TrueTreat,0.0,0.0,0.0,1.0275229357798166,0.2568807339449541,-0.2055045871559633,0.1027522935779817,6,16
85,85,DA,0.3833937436400805,0.8823770491803278,7.259011745452881,0.0661566108649981,-0.0037657075166722,0.0226491529098205,0.0193438254598885,6,17
86,86,Dragonnet,0.378627866614234,0.8536159042910345,177.12116193771362,0.0824427008628845,0.0125485630705952,0.0243639908730983,0.0075218109413981,6,17
87,87,CEVAE,0.3237090333044495,0.8606881364629108,211.66960167884827,0.2090042382478714,0.0526267401874065,-0.0133225573226809,0.0228708814829587,6,17
88,88,M3E2,0.1295201312853108,0.7914291330843326,67.51521706581116,1.1861810684204102,0.4200617969036102,-0.1265253722667694,0.2200144082307815,6,17
89,89,TrueTreat,0.0,0.0,0.0,1.0275229357798166,0.2568807339449541,-0.2055045871559633,0.1027522935779817,6,17
90,90,DA,0.3874197955286089,0.8811416921508665,7.137395143508911,0.065380199279481,-0.0095030384677921,0.0127650422559848,-0.0001307502114238,6,18
91,91,Dragonnet,0.3748417748341768,0.8592840001881992,174.61625218391418,0.0996941179037094,-0.0005641399184241,0.0176518987864255,0.0118153719231486,6,18
92,92,CEVAE,0.3041385348100181,0.8598465602472791,211.75796627998352,0.1971038430929184,0.0851275846362114,-0.0465498864650726,0.0473250970244407,6,18
93,93,M3E2,0.3004047671743079,0.8081694979958007,67.87445402145386,0.816114604473114,0.6873019337654114,-0.0520612858235836,0.5090985298156738,6,18
94,94,TrueTreat,0.0,0.0,0.0,1.0275229357798166,0.2568807339449541,-0.2055045871559633,0.1027522935779817,6,18
95,95,DA,0.3864344681091307,0.8830373545621555,7.091514348983765,0.0653275361054193,-0.009789187354005,0.0253716736912521,0.0167560029620306,6,19
96,96,Dragonnet,0.3854770137608017,0.8560341718184572,245.76213812828064,0.0846581682562828,-0.0176470279693603,0.0271826516836881,0.0109240068122744,6,19
97,97,CEVAE,0.3037214950803633,0.8502543612448815,210.74251747131348,0.2195710837841034,0.0531436204910278,-0.0356709919869899,0.0693888738751411,6,19
98,98,M3E2,0.1741021685404788,0.7999999999999999,68.30788612365723,1.231629729270935,0.5256562829017639,-0.1215403452515602,0.2423143833875656,6,19
99,99,TrueTreat,0.0,0.0,0.0,1.0275229357798166,0.2568807339449541,-0.2055045871559633,0.1027522935779817,6,19
100,100,DA,0.390553775400776,0.8656954699660746,7.102023124694824,0.0809610429596259,-0.0276031425261512,0.0167493020255669,-0.0061631495522961,7,0
101,101,Dragonnet,0.3966303398977931,0.8491700817812253,137.408677816391,0.0716039463877677,-0.0290036220103502,0.0176890529692173,-0.018772080540657,7,0
102,102,CEVAE,0.3088976136553998,0.8567145779049676,212.59662246704104,0.2023485600948333,0.0528003498911857,-0.0894211381673812,0.0125000476837158,7,0
103,103,M3E2,0.2066989503903399,0.8095693779904306,68.11170506477356,1.1294060945510864,0.4898248314857483,-0.1202570721507072,0.5094733238220215,7,0
104,104,TrueTreat,0.0,0.0,0.0,1.0275229357798166,0.2568807339449541,-0.2055045871559633,0.1027522935779817,7,0
105,105,DA,0.3907733561359919,0.8604275917708754,7.095585823059082,0.047951329799343,-0.0107677280899419,0.0139191705983573,0.0063026948037047,7,1
106,106,Dragonnet,0.3891989589814063,0.8496965367572475,179.48629665374756,0.0811770036816597,-0.013105358928442,0.0247035548090934,-0.0075033754110336,7,1
107,107,CEVAE,0.3117631525877829,0.8580793771810848,215.6434588432312,0.1944357007741928,0.0081876255571842,-0.08464827388525,0.0583363398909568,7,1
108,108,M3E2,0.2176649634581093,0.7963111467522052,69.23762369155884,1.2468851804733276,0.5938345193862915,-0.2185178399085998,0.4040828645229339,7,1
109,109,TrueTreat,0.0,0.0,0.0,1.0275229357798166,0.2568807339449541,-0.2055045871559633,0.1027522935779817,7,1
110,110,DA,0.3823942435951169,0.8663426488456866,7.279865741729736,0.0587031160344732,-0.0070913718129499,0.0080672006799115,0.0195390325366364,7,2
111,111,Dragonnet,0.3939561339706148,0.8515751336296901,185.669822216034,0.0696619302034378,-0.0238679386675357,0.0240701306611299,-0.0048878462985157,7,2
112,112,CEVAE,0.2902496067021008,0.8598626678903184,212.51837849617004,0.218370109796524,0.0425670519471168,-0.1475796401500702,0.0231453217566013,7,2
113,113,M3E2,0.1414640933685346,0.8077729091255478,67.38839912414551,0.9152798652648926,0.3610241115093231,-0.1495366394519806,0.3962542712688446,7,2
114,114,TrueTreat,0.0,0.0,0.0,1.0275229357798166,0.2568807339449541,-0.2055045871559633,0.1027522935779817,7,2
115,115,DA,0.3933923459247695,0.8762907471148006,7.309820652008057,0.0624755294942993,-0.01661731589995,0.0185963078698456,-0.008170738964866,7,3
116,116,Dragonnet,0.3997695279452916,0.8453730032680287,180.3344349861145,0.0847582146525383,-0.0485845543444156,0.0226936973631382,-0.019897524267435,7,3
117,117,CEVAE,0.3007146745134111,0.8479170559009235,211.6890082359314,0.3066760301589966,-0.0078485831618309,-0.0239236131310462,0.0670507922768592,7,3
118,118,M3E2,0.4141486514598951,0.821378899264852,68.64694213867188,-0.3492809534072876,0.177632674574852,-0.3028934299945831,0.2059061080217361,7,3
119,119,TrueTreat,0.0,0.0,0.0,1.0275229357798166,0.2568807339449541,-0.2055045871559633,0.1027522935779817,7,3
120,120,DA,0.3856159533842266,0.870516717325228,7.283735275268555,0.0717392605299628,-0.0106818245726421,0.0110217565487436,0.0001610575132325,7,4
121,121,Dragonnet,0.382681591776755,0.8551859480248152,160.61233735084534,0.1027970537543296,-0.0162806864827871,0.0154560320079326,-0.0091261519119143,7,4
122,122,CEVAE,0.3069407163333114,0.8446747510667756,212.87612009048465,0.2049856483936309,0.0862155258655548,-0.0794078558683395,-0.0057113450020551,7,4
123,123,M3E2,0.414261944988452,0.8240206800556771,68.20738697052002,-0.3678268790245056,0.2090662121772766,-0.3196325302124023,0.2025077939033508,7,4
124,124,TrueTreat,0.0,0.0,0.0,1.0275229357798166,0.2568807339449541,-0.2055045871559633,0.1027522935779817,7,4
125,125,DA,0.3877969485407894,0.8732450862414761,7.010592222213745,0.0724701227700451,-0.0130784355003724,0.0208945080657558,0.002975577091641,7,5
126,126,Dragonnet,0.3899611922009814,0.8548626800136641,187.25156474113464,0.0883430913090705,-0.0281186886131763,0.0237929560244083,-0.0036156650166958,7,5
127,127,CEVAE,0.3615709855674057,0.8521943349310918,184.66905856132507,0.1884894371032714,,-0.024245947599411,0.0383314751088619,7,5
128,128,M3E2,0.1953001562608491,0.8038712225952992,68.29894638061523,1.251054286956787,0.5425253510475159,-0.1965684294700622,0.3658407926559448,7,5
129,129,TrueTreat,0.0,0.0,0.0,1.0275229357798166,0.2568807339449541,-0.2055045871559633,0.1027522935779817,7,5
130,130,DA,0.3833973345424446,0.8765753150630126,7.075882434844971,0.089744925044477,-0.0134093159590235,0.0151381351297197,-0.0021262616667963,7,6
131,131,Dragonnet,0.3975545522902127,0.8470144479327482,172.0041048526764,0.091990128159523,-0.0535068251192569,0.0218962579965591,-0.0141447037458419,7,6
132,132,CEVAE,0.3178342358354445,0.8450690350295699,213.40828227996823,0.188351422548294,0.0583997778594493,-0.0400089062750339,0.0345635004341602,7,6
133,133,M3E2,0.1393261915175329,0.820250284414107,68.0824625492096,1.0302302837371826,0.5342189073562622,-0.0455161444842815,0.2200230956077575,7,6
134,134,TrueTreat,0.0,0.0,0.0,1.0275229357798166,0.2568807339449541,-0.2055045871559633,0.1027522935779817,7,6
135,135,DA,0.3935470549971953,0.8680089485458613,7.009543657302856,0.050612044845463,-0.0111648551769556,0.0234891781134267,0.0025143189148538,7,7
136,136,Dragonnet,0.3949379937170039,0.8488111782241449,138.1429078578949,0.080823116004467,-0.0375111736357212,0.026557208970189,-0.0038461578078567,7,7
137,137,CEVAE,0.3419130596943165,0.8493832174305933,213.42612552642825,0.1542731672525406,0.0756463035941124,0.0160006992518901,0.0110895400866866,7,7
138,138,M3E2,0.0822616019448555,0.8157374456306841,68.2919590473175,0.8998478055000305,0.3112121522426605,-0.3067056238651275,0.1485911160707473,7,7
139,139,TrueTreat,0.0,0.0,0.0,1.0275229357798166,0.2568807339449541,-0.2055045871559633,0.1027522935779817,7,7
140,140,DA,0.3859091320985222,0.8804194394031054,7.107043027877808,0.0824493791668235,-0.0299418415345843,0.0071436393841544,0.0036601238165423,7,8
141,141,Dragonnet,0.3916760311607237,0.8597610296194973,148.89941573143005,0.0843310952186584,-0.0403554216027259,0.0128905428573489,-0.0051287049427628,7,8
142,142,CEVAE,0.3114863719005104,0.8650445266615041,212.77962255477905,0.2226671427488327,0.0273081641644239,-0.0679874494671821,0.0287523064762353,7,8
143,143,M3E2,0.1527215752387504,0.8182964163515217,68.34579801559448,1.1148693561553955,0.3167756497859955,-0.0136666120961308,0.3745592832565307,7,8
144,144,TrueTreat,0.0,0.0,0.0,1.0275229357798166,0.2568807339449541,-0.2055045871559633,0.1027522935779817,7,8
145,145,DA,0.3893595728694095,0.8715242541100061,7.01334285736084,0.0663949277008321,-0.0206444123949525,0.0098950781179997,-0.000633178206802,7,9
146,146,Dragonnet,0.3937580833356793,0.8482697396548015,123.86333274841309,0.0794930309057235,-0.0220263916999101,0.0224046427756547,-0.0174337793141603,7,9
147,147,CEVAE,0.35034349804334,0.8453018484599062,213.34872961044312,0.1751463711261749,-0.0147604392841458,-0.0413129925727844,-0.0104123661294579,7,9
148,148,M3E2,0.1871051993323575,0.8027722772277227,68.31486630439758,1.096949577331543,0.600640058517456,-0.1433832496404647,0.3758657872676849,7,9
149,149,TrueTreat,0.0,0.0,0.0,1.0275229357798166,0.2568807339449541,-0.2055045871559633,0.1027522935779817,7,9
150,150,DA,0.3945011442454653,0.8675686756867568,7.196462869644165,0.0678502525352294,-0.0239356157109567,0.0313765547141462,0.0021178913667284,7,10
151,151,Dragonnet,0.3890582410298254,0.8546260611711747,162.09089612960815,0.1022462397813797,-0.0405158028006553,0.0293790735304355,0.0040762228891253,7,10
152,152,CEVAE,0.3091001605993103,0.850195264882617,213.0386662483216,0.2367263883352279,0.0735234767198562,-0.0029616500250995,0.0430483929812908,7,10
153,153,M3E2,0.454945141118054,0.7856711611994364,68.03850531578064,-0.3081311285495758,0.3281042277812958,-0.0625064671039581,0.3726571798324585,7,10
154,154,TrueTreat,0.0,0.0,0.0,1.0275229357798166,0.2568807339449541,-0.2055045871559633,0.1027522935779817,7,10
155,155,DA,0.3919262666964661,0.866912366912367,7.04461932182312,0.0605481358785142,-0.0163618452463962,0.0120315284567294,-0.0071992785025369,7,11
156,156,Dragonnet,0.3971670489903505,0.8437928348026346,202.35772347450256,0.0780243128538131,-0.0430137626826763,0.0227289702743291,-0.0082892253994941,7,11
157,157,CEVAE,0.3296187730651315,0.8396264228573593,213.1408715248108,0.2118241190910339,0.0083482768386602,-0.0323502458631992,0.0216628164052963,7,11
158,158,M3E2,0.235830890496663,0.8015384615384615,68.15394377708435,0.6443137526512146,0.6098722815513611,-0.2387423664331436,0.2766373455524444,7,11
159,159,TrueTreat,0.0,0.0,0.0,1.0275229357798166,0.2568807339449541,-0.2055045871559633,0.1027522935779817,7,11
160,160,DA,0.3960253109118938,0.8629749393694421,7.078474998474121,0.0596528252769889,-0.0233776587445439,0.0180325046345298,-0.0096833550867745,7,12
161,161,Dragonnet,0.3963626177195425,0.8517625139519972,166.85367512702942,0.0825799480080604,-0.0348570421338081,0.0195804350078105,-0.0209323912858963,7,12
162,162,CEVAE,0.335370391714942,0.8496095973961764,212.89287447929385,0.1042077541351318,0.0390033982694149,-0.0668336600065231,0.0411341711878776,7,12
163,163,M3E2,0.1880506415706161,0.7970814435022678,68.46068549156189,1.210525631904602,0.5964521169662476,-0.2249218523502349,0.3129635155200958,7,12
164,164,TrueTreat,0.0,0.0,0.0,1.0275229357798166,0.2568807339449541,-0.2055045871559633,0.1027522935779817,7,12
165,165,DA,0.387030721053371,0.883948602896186,6.982323884963989,0.0739510757373079,-0.0181517792399391,0.0200526548745053,0.0087910246223686,7,13
166,166,Dragonnet,0.3934324205532636,0.8561230215331276,151.36530089378357,0.0782605186104774,-0.0393833294510841,0.0167881827801466,-0.0031581381335854,7,13
167,167,CEVAE,0.3379201578121598,0.8520914722231593,213.06795954704285,0.140129879117012,0.057048387825489,-0.02483063749969,0.0189710147678852,7,13
168,168,M3E2,0.0546327219507015,0.8251246261216352,68.30133199691772,0.9625164270401,0.2994823157787323,-0.2721498012542724,0.1470298767089843,7,13
169,169,TrueTreat,0.0,0.0,0.0,1.0275229357798166,0.2568807339449541,-0.2055045871559633,0.1027522935779817,7,13
170,170,DA,0.3896013250185888,0.8611500701262272,7.03988242149353,0.0625567683903916,-0.0089061178350075,0.0198373678663002,0.0004419676952767,7,14
171,171,Dragonnet,0.387303320798647,0.8612342772914225,195.71337699890137,0.1064516529440879,-0.0241375062614679,0.02166248857975,-0.0172043908387422,7,14
172,172,CEVAE,0.3269657568220015,0.8583915532324105,212.6716310977936,0.1586783081293106,0.0644079893827438,-0.0396557971835136,0.0220554284751415,7,14
173,173,M3E2,0.0766158052882469,0.819685196254234,68.44863224029541,0.9226850867271424,0.2641564607620239,-0.3242708146572113,0.1783357113599777,7,14
174,174,TrueTreat,0.0,0.0,0.0,1.0275229357798166,0.2568807339449541,-0.2055045871559633,0.1027522935779817,7,14
175,175,DA,0.3879456438992818,0.8694762684124385,7.205465316772461,0.0610358846110307,-0.0203491975574233,0.0087077833567943,0.0088990711647751,7,15
176,176,Dragonnet,0.3929692184232141,0.842771838056304,177.53053379058838,0.0886717066168785,-0.0457780323922634,0.0348453447222709,0.0127353472635149,7,15
177,177,CEVAE,0.3276096702232923,0.843716339571748,214.2247040271759,0.2051968723535537,0.0393092855811119,-0.0483022145926952,-0.0105865029618144,7,15
178,178,M3E2,0.4211349603027925,0.8107457898957497,68.51853251457214,-0.3395006358623504,0.2041003555059433,-0.3212404549121856,0.2517523169517517,7,15
179,179,TrueTreat,0.0,0.0,0.0,1.0275229357798166,0.2568807339449541,-0.2055045871559633,0.1027522935779817,7,15
180,180,DA,0.3895359839164584,0.8670309653916211,7.339150667190552,0.0541421613268685,-0.0178625364033102,0.0046250207629657,0.0028620106322896,7,16
181,181,Dragonnet,0.3918720422574285,0.8508367375613044,150.0368309020996,0.085879385471344,-0.0472476445138454,0.0128677859902381,-0.0005915735382586,7,16
182,182,CEVAE,0.321187107000124,0.8482917247976891,213.79118251800537,0.2096751779317855,0.0360515527427196,-0.0739649385213851,-0.0117795467376708,7,16
183,183,M3E2,0.0694595710536755,0.8171611868484362,68.56828188896179,0.9326813817024232,0.2569697201251983,-0.3540186583995819,0.1371459662914276,7,16
184,184,TrueTreat,0.0,0.0,0.0,1.0275229357798166,0.2568807339449541,-0.2055045871559633,0.1027522935779817,7,16
185,185,DA,0.3906935247809028,0.8634701340918326,6.977820873260498,0.0637275720718513,-0.0185058426269976,0.0172829929805733,0.0019477148708243,7,17
186,186,Dragonnet,0.3943636837560649,0.8591045365571093,150.82805228233337,0.0850892290472984,-0.0532576888799667,0.0238864943385124,0.0072607696056365,7,17
187,187,CEVAE,0.3173473711270805,0.8571762265716825,213.51790380477905,0.186010330915451,0.0611355863511562,-0.0563868023455143,0.019738346338272,7,17
188,188,M3E2,0.1472891364349137,0.7971946230274694,68.94891571998596,1.2068636417388916,0.4401531815528869,-0.1260457187891006,0.2498368173837661,7,17
189,189,TrueTreat,0.0,0.0,0.0,1.0275229357798166,0.2568807339449541,-0.2055045871559633,0.1027522935779817,7,17
190,190,DA,0.3900427923330085,0.871825876662636,7.11213231086731,0.0855222597164868,-0.0333794173914881,0.023485317451496,0.0038318562531792,7,18
191,191,Dragonnet,0.3982422907050665,0.8496304816328114,175.68425726890564,0.0918055921792984,-0.0282815191894769,0.0334337837994098,-0.0303989015519619,7,18
192,192,CEVAE,0.302088529444855,0.849998715296448,213.44309449195865,0.254188597202301,0.0487450137734413,-0.0511333458125591,0.030239475890994,7,18
193,193,M3E2,0.3022100186385556,0.8177543727665978,68.40876889228821,0.8151206374168396,0.674500048160553,-0.0416213311254978,0.5176874995231628,7,18
194,194,TrueTreat,0.0,0.0,0.0,1.0275229357798166,0.2568807339449541,-0.2055045871559633,0.1027522935779817,7,18
195,195,DA,0.3970945404656729,0.879372738238842,7.079165697097778,0.045348261459111,-0.0166369987860721,0.0239871830664486,-0.0004416910105662,7,19
196,196,Dragonnet,0.3958070418942686,0.8625598155694891,151.79421877861023,0.0642062425613403,-0.0242687109857797,0.0219499841332435,-0.0085551645606756,7,19
197,197,CEVAE,0.3498433196131106,0.8620821574670039,214.08926963806152,0.2012745589017868,0.0404889211058616,0.0475817322731018,-0.0008944757282733,7,19
198,198,M3E2,0.1742177046937953,0.8191529950400611,68.58503222465515,1.1947232484817505,0.4287653267383575,-0.0387332960963249,0.2937669157981872,7,19
199,199,TrueTreat,0.0,0.0,0.0,1.0275229357798166,0.2568807339449541,-0.2055045871559633,0.1027522935779817,7,19
200,200,DA,0.3881319250744106,0.8919465803318495,7.053125143051148,0.0568857792229334,-0.0083619676472835,0.0161598629366587,0.0077689015220823,8,0
201,201,Dragonnet,0.3904962959116989,0.8520752604696376,150.54469871520996,0.0683594122529029,-0.02350296638906,0.0150615144520998,0.0008804354001767,8,0
202,202,CEVAE,0.3107893821928616,0.8571918994236984,213.6435732841492,0.2231124192476272,0.0428917072713375,-0.0548680424690246,0.0286308526992797,8,0
203,203,M3E2,0.231416418109465,0.7977573087705245,68.51764035224915,1.2882804870605469,0.6184093952178955,-0.2753382325172424,0.3362981081008911,8,0
204,204,TrueTreat,0.0,0.0,0.0,1.0275229357798166,0.2568807339449541,-0.2055045871559633,0.1027522935779817,8,0
205,205,DA,0.3976442678274671,0.887190082644628,7.33447265625,0.0583194120754942,-0.02464644565238,0.023640583864606,-0.0079489034096608,8,1
206,206,Dragonnet,0.3983456819463487,0.8561383530970313,137.80225801467896,0.0779790058732032,-0.0293311029672622,0.0329995155334472,-0.0163705646991729,8,1
207,207,CEVAE,0.3222903554473038,0.8556739982950448,212.96561217308044,0.2009241133928299,0.0511300303041935,-0.0568705573678016,-0.0054255723953247,8,1
208,208,M3E2,0.1677399668945084,0.8042718446601942,68.50535202026367,1.1976168155670166,0.4110882878303528,-0.0941546261310577,0.3380607664585113,8,1
209,209,TrueTreat,0.0,0.0,0.0,1.0275229357798166,0.2568807339449541,-0.2055045871559633,0.1027522935779817,8,1
210,210,DA,0.394910863353469,0.8904636566106501,7.016074895858765,0.0493399032085931,-0.008707813005254,0.0254560444070854,-0.002158948751414,8,2
211,211,Dragonnet,0.3827386934921111,0.8526506000744137,138.44985961914062,0.0799809023737907,-0.0189559180289506,0.0125017613172531,0.0131825534626841,8,2
212,212,CEVAE,0.2809246691089089,0.8521322845927672,213.60034728050232,0.2256954908370971,0.1226679980754852,-0.0973095148801803,0.0232888702303171,8,2
213,213,M3E2,0.1927911181788925,0.7962369895916734,68.61731791496277,1.207722544670105,0.5994619131088257,-0.2559856474399566,0.3006549179553985,8,2
214,214,TrueTreat,0.0,0.0,0.0,1.0275229357798166,0.2568807339449541,-0.2055045871559633,0.1027522935779817,8,2
215,215,DA,0.3998478179281489,0.8832220198340418,7.143934488296509,0.0496097537322563,-0.015976370231145,0.0218838927850106,-0.0184802119699805,8,3
216,216,Dragonnet,0.3875256658560562,0.8637680672610777,203.7408311367035,0.0839632600545883,-0.0167850945144891,0.0258978512138128,0.0012775727082043,8,3
217,217,CEVAE,0.3020385672483559,0.8621936065567721,213.18553829193115,0.2310362160205841,0.0700508132576942,-0.0327942296862602,0.0506250225007534,8,3
218,218,M3E2,0.3999211141070641,0.8112754898040784,68.93871426582336,-0.3499574065208435,0.2838287055492401,-0.3009918928146362,0.2025211304426193,8,3
219,219,TrueTreat,0.0,0.0,0.0,1.0275229357798166,0.2568807339449541,-0.2055045871559633,0.1027522935779817,8,3
220,220,DA,0.3973625656482921,0.867674466763305,7.094338178634644,0.0450597379478948,-0.0090971713948348,0.0372358087335073,0.0044835300459944,8,4
221,221,Dragonnet,0.3838428954098805,0.8453205008026353,181.37681365013125,0.0993322283029556,-0.0166496150195598,0.0273393746465444,0.0019457301823422,8,4
222,222,CEVAE,0.3503947750344838,0.8534883125888233,214.0906727313996,0.1709030270576477,0.0266246702522039,0.0079566286876797,0.0015103816986083,8,4
223,223,M3E2,0.4042793218285666,0.8130243707550939,69.03092217445374,-0.3922202587127685,0.2553879022598266,-0.3047606348991394,0.1993775069713592,8,4
224,224,TrueTreat,0.0,0.0,0.0,1.0275229357798166,0.2568807339449541,-0.2055045871559633,0.1027522935779817,8,4
225,225,DA,0.392915822926579,0.8760431508243435,7.242069482803345,0.0595115750694807,-0.0089796904153786,0.0347906951670758,0.0052560692653736,8,5
226,226,Dragonnet,0.3874671714059974,0.8427239874849807,184.5522849559784,0.0879879370331764,-0.0042204046621918,0.024626700207591,-0.0163489673286676,8,5
227,227,CEVAE,0.3187747202958877,0.8455802291363091,214.41083025932312,0.1919766664505005,0.0131034795194864,-0.063076838850975,0.0494046844542026,8,5
228,228,M3E2,0.3897257731458463,0.809052333804809,69.18462824821472,-0.3499694764614105,0.2592567503452301,-0.2702938318252563,0.2169977128505706,8,5
229,229,TrueTreat,0.0,0.0,0.0,1.0275229357798166,0.2568807339449541,-0.2055045871559633,0.1027522935779817,8,5
230,230,DA,0.3930916973955278,0.8754824294129596,7.014991044998169,0.0572258215780067,-0.0158070633205065,0.0171398850779951,-0.0039851123029008,8,6
231,231,Dragonnet,0.3985258171945776,0.8489614092094664,178.19032287597656,0.0466176830232143,-0.0162050891667604,0.0225225910544395,-0.0093327211216092,8,6
232,232,CEVAE,0.3276787538692321,0.8528662434560312,214.5842137336731,0.1740750074386596,0.0497184582054615,-0.04627351090312,0.0118785584345459,8,6
233,233,M3E2,0.1635974999619733,0.798101641289302,68.92134356498718,1.0736238956451416,0.5839883089065552,-0.1107823699712753,0.2892115414142608,8,6
234,234,TrueTreat,0.0,0.0,0.0,1.0275229357798166,0.2568807339449541,-0.2055045871559633,0.1027522935779817,8,6
235,235,DA,0.39036265723875,0.8834456011430905,7.130218029022217,0.0579845607280002,-0.00707430731826,0.0280968244062059,0.0083964925001814,8,7
236,236,Dragonnet,0.3941035554656725,0.8532381487401194,172.8717360496521,0.0652937889099121,-0.0200385656207799,0.0235310643911361,-0.0054778303019702,8,7
237,237,CEVAE,0.3329874516260776,0.8584469444638017,213.9849150180817,0.1650882065296173,0.0661442279815673,-0.0318450406193733,-0.0023667311761528,8,7
238,238,M3E2,0.1086174012324131,0.8192090395480227,69.21288251876831,0.9391597509384156,0.3990593552589416,-0.38067826628685,0.1315064132213592,8,7
239,239,TrueTreat,0.0,0.0,0.0,1.0275229357798166,0.2568807339449541,-0.2055045871559633,0.1027522935779817,8,7
240,240,DA,0.3966298844603466,0.871858774662513,7.215409278869629,0.0459434159850593,-0.0144046883290137,0.0239978360913589,-0.0013998789473573,8,8
241,241,Dragonnet,0.3860974380135036,0.8544141835647376,197.49267578125,0.071167342364788,-0.0076887388713657,0.0142289949581027,-0.0009788101306185,8,8
242,242,CEVAE,0.2688735007453676,0.8572441420630759,214.4039897918701,0.3945600688457489,0.0340724177658557,-0.0393921174108982,0.0491419434547424,8,8
243,243,M3E2,0.1552077792687426,0.7972027972027973,68.8503110408783,1.1757291555404663,0.3929899334907532,-0.0818511173129081,0.3156145215034485,8,8
244,244,TrueTreat,0.0,0.0,0.0,1.0275229357798166,0.2568807339449541,-0.2055045871559633,0.1027522935779817,8,8
245,245,DA,0.3885505930334943,0.8883937613935589,7.195237159729004,0.0562539908558985,-0.0023092333588357,0.0169673820034884,0.0014808028311643,8,9
246,246,Dragonnet,0.3875344704632613,0.8461020978696494,168.6261603832245,0.0786431953310966,-0.0143189197406172,0.0240713097155094,0.0022697027307003,8,9
247,247,CEVAE,0.3172492912184413,0.8509932905147537,214.1879935264588,0.2034825384616851,0.0257329400628805,-0.0564004741609096,0.0380474328994751,8,9
248,248,M3E2,0.212498514805365,0.795131845841785,69.06351208686829,1.232580304145813,0.6349645256996155,-0.2637490034103393,0.3113607764244079,8,9
249,249,TrueTreat,0.0,0.0,0.0,1.0275229357798166,0.2568807339449541,-0.2055045871559633,0.1027522935779817,8,9
250,250,DA,0.3925163730462206,0.8822927328556807,7.228442430496216,0.0475265234182181,-0.0100158406310934,0.0222183608516464,0.0073027363383547,8,10
251,251,Dragonnet,0.392923805737492,0.8497364890106389,145.52701115608215,0.0839502289891243,-0.0407429710030555,0.0374343618750572,0.015192431397736,8,10
252,252,CEVAE,0.318853994473439,0.8552018794901404,214.56735062599185,0.2074256837368011,0.0307728070765733,-0.060453537851572,0.0185925439000129,8,10
253,253,M3E2,0.4263931639902635,0.7867125784889609,69.29919171333313,-0.3250688314437866,0.3422714471817016,-0.1629688590764999,0.3278067409992218,8,10
254,254,TrueTreat,0.0,0.0,0.0,1.0275229357798166,0.2568807339449541,-0.2055045871559633,0.1027522935779817,8,10
255,255,DA,0.398880513358403,0.8691185535237312,7.388996601104736,0.0382754120990447,0.0007033747443333,0.041142435230552,-0.0006978545877222,8,11
256,256,Dragonnet,0.3980273672990467,0.8528402782878328,192.9104073047638,0.047621414065361,-0.0258406195789575,0.0321535989642143,0.0109238857403397,8,11
257,257,CEVAE,0.3193789940472658,0.8547756284463028,215.4242718219757,0.1768271327018737,0.061966635286808,-0.0586910471320152,0.0176597591489553,8,11
258,258,M3E2,0.3836991008610353,0.8115015974440895,69.4607322216034,-0.3605192303657532,0.2428340762853622,-0.2306489944458007,0.210315465927124,8,11
259,259,TrueTreat,0.0,0.0,0.0,1.0275229357798166,0.2568807339449541,-0.2055045871559633,0.1027522935779817,8,11
260,260,DA,0.3923532355993852,0.876147724954091,7.244075536727905,0.0518590313214704,-0.0080058227472772,0.0234658135722889,0.0028602130592709,8,12
261,261,Dragonnet,0.3909220884000848,0.8549510451349324,189.8472032546997,0.0752704814076423,-0.0369723886251449,0.011309091001749,0.0019831950776278,8,12
262,262,CEVAE,0.3308110415149446,0.853105375890681,216.1225271224976,0.1515297889709472,0.0524925850331783,-0.0396731458604335,0.025720864534378,8,12
263,263,M3E2,0.2315766130428795,0.7849025974025974,69.072340965271,1.2479665279388428,0.6239191293716431,-0.2777053713798523,0.3693759739398956,8,12
264,264,TrueTreat,0.0,0.0,0.0,1.0275229357798166,0.2568807339449541,-0.2055045871559633,0.1027522935779817,8,12
265,265,DA,0.3930732577256819,0.8778703515545621,7.243927001953125,0.0580328370148315,-0.0253790645066752,0.0183721783603256,0.0060859254081575,8,13
266,266,Dragonnet,0.3869042163627188,0.8483007675409052,189.21498727798465,0.0741180628538131,-0.0132316257804632,0.023493567481637,0.0076508154161274,8,13
267,267,CEVAE,0.3092457234073396,0.8500915268257399,217.04314136505127,0.2063807249069214,0.0682667568325996,-0.0595699995756149,0.0214601755142211,8,13
268,268,M3E2,0.0983239882787979,0.8133387555917039,69.76868963241577,0.9345969557762146,0.3787968158721924,-0.3632572889328003,0.1234534829854965,8,13
269,269,TrueTreat,0.0,0.0,0.0,1.0275229357798166,0.2568807339449541,-0.2055045871559633,0.1027522935779817,8,13
270,270,DA,0.3965502009299133,0.8766673507079827,7.9014246463775635,0.0398781615613279,-0.0220517790608035,0.0189453271594131,0.0075786913979514,8,14
271,271,Dragonnet,0.3930738061811741,0.8489777951396553,219.50168704986567,0.0451827272772789,-0.017847029492259,0.0169162079691886,0.009945835918188,8,14
272,272,CEVAE,0.2950597816292162,0.8563201454965728,216.5039360523224,0.1907195746898651,0.1174361780285835,-0.067532904446125,0.0367327667772769,8,14
273,273,M3E2,0.1106037558218754,0.8187676198147402,69.27829575538635,0.9030928611755372,0.3370556235313415,-0.3791569471359253,0.1669099926948547,8,14
274,274,TrueTreat,0.0,0.0,0.0,1.0275229357798166,0.2568807339449541,-0.2055045871559633,0.1027522935779817,8,14
275,275,DA,0.3997478635512982,0.8789526686807654,7.341599702835083,0.0474356641862592,-0.0060747352979754,0.0304385756576046,-0.0172532569771563,8,15
276,276,Dragonnet,0.3892355612937269,0.8513632528408934,164.26319813728333,0.0685720741748809,-0.0059957960620522,0.0270415656268596,0.000183592797839,8,15
277,277,CEVAE,0.3056917918059941,0.8541011344759548,217.604597568512,0.2406481057405471,0.068712443113327,-0.034565694630146,0.025967139750719,8,15
278,278,M3E2,0.4065168895921029,0.799267846247712,69.6303505897522,-0.3402108550071716,0.329755961894989,-0.3002269566059112,0.1934884637594223,8,15
279,279,TrueTreat,0.0,0.0,0.0,1.0275229357798166,0.2568807339449541,-0.2055045871559633,0.1027522935779817,8,15
280,280,DA,0.3991772590998836,0.8778797145769622,7.264711141586304,0.0538870553132924,-0.0251553519481028,0.0299140461297325,-0.0028661431762754,8,16
281,281,Dragonnet,0.3928929506567971,0.8481630218897076,139.76219296455383,0.0845322087407112,-0.0241353474557399,0.0388390272855758,-0.0004690861678682,8,16
282,282,CEVAE,0.3142846488539095,0.8502502577473089,215.699254989624,0.2161774188280105,0.0630601942539215,-0.0345282740890979,0.0217560678720474,8,16
283,283,M3E2,0.1033250489434517,0.8141878274889157,69.15488648414612,0.923935890197754,0.3725243508815765,-0.3882014751434326,0.1141249388456344,8,16
284,284,TrueTreat,0.0,0.0,0.0,1.0275229357798166,0.2568807339449541,-0.2055045871559633,0.1027522935779817,8,16
285,285,DA,0.3944267713070432,0.880612039460439,7.347651958465576,0.0488494677570237,-0.0067612836052171,0.0213284846571811,-0.0058062342640824,8,17
286,286,Dragonnet,0.3950991969526246,0.8522148698827153,128.02652025222778,0.062464952468872,-0.0281079281121492,0.0206732116639614,-0.001420050044544,8,17
287,287,CEVAE,0.3409808793716098,0.8539040259777034,213.3264851570129,0.1824001222848892,0.0561429373919963,0.0207098349928855,0.0109038082882761,8,17
288,288,M3E2,0.2065539424162392,0.7992752164284277,68.55151152610779,1.2713496685028076,0.6070718765258789,-0.2679870724678039,0.272467702627182,8,17
289,289,TrueTreat,0.0,0.0,0.0,1.0275229357798166,0.2568807339449541,-0.2055045871559633,0.1027522935779817,8,17
290,290,DA,0.3890544685024295,0.8769356153219234,7.535059452056885,0.0576667874279066,-0.0029490707706279,0.0278029812414203,0.0095279410331393,8,18
291,291,Dragonnet,0.3837648350657861,0.8542140328054935,155.24120211601257,0.0868945941329002,-0.007669620681554,0.0305006224662065,0.0088768592104315,8,18
292,292,CEVAE,0.3162244841136004,0.8540251312873963,212.19704222679127,0.1984324753284454,0.0432374887168407,-0.0129990568384528,0.0730935931205749,8,18
293,293,M3E2,0.3043164402656599,0.8040800615858352,68.5167007446289,0.8119131326675415,0.7014601826667786,-0.0574566423892974,0.511780858039856,8,18
294,294,TrueTreat,0.0,0.0,0.0,1.0275229357798166,0.2568807339449541,-0.2055045871559633,0.1027522935779817,8,18
295,295,DA,0.3908512410043797,0.8724109362054681,7.239723205566406,0.0586532726373137,-0.014097651954427,0.0172983314941828,0.001998297252493,8,19
296,296,Dragonnet,0.3864149149652536,0.8480671799846796,160.31327080726624,0.0851677358150482,-0.0203060787171125,0.0245033018290996,0.006642535328865,8,19
297,297,CEVAE,0.3155729729827459,0.8473741134867125,211.87711381912231,0.2166812717914581,0.0121953394263982,-0.086152084171772,0.0153399631381034,8,19
298,298,M3E2,0.1902936156941663,0.7853844609516162,68.14616966247559,1.2233737707138062,0.5587573647499084,-0.163150206208229,0.3238449096679687,8,19
299,299,TrueTreat,0.0,0.0,0.0,1.0275229357798166,0.2568807339449541,-0.2055045871559633,0.1027522935779817,8,19
300,300,DA,0.3782707487229443,0.8837777325463056,7.469618320465088,0.078541492378667,-0.0071186543647715,-0.0017137288403328,0.00644098871271,9,0
301,301,Dragonnet,0.3825994197890128,0.849928521430486,200.3235075473785,0.1018588989973068,-0.0356974676251411,0.0181570071727037,0.0142584471032023,9,0
302,302,CEVAE,0.2808326083380695,0.8512668349319574,212.4996657371521,0.245449960231781,0.0792904943227768,-0.0811356306076049,0.0634540319442749,9,0
303,303,M3E2,0.2039171297889236,0.7958656330749354,68.41508316993713,1.2030577659606934,0.5453765392303467,-0.2173096239566803,0.44258514046669,9,0
304,304,TrueTreat,0.0,0.0,0.0,1.0275229357798166,0.2568807339449541,-0.2055045871559633,0.1027522935779817,9,0
305,305,DA,0.3865869574785494,0.8845601804387944,7.252690076828003,0.0816347176328621,-0.0084839644752428,0.020669361938288,-0.0061686706748132,9,1
306,306,Dragonnet,0.3784023717656697,0.8451791056935652,151.41682982444763,0.0970290526747703,-0.0082919094711542,0.0178867317736148,0.0082006519660353,9,1
307,307,CEVAE,0.3296996742632206,0.8512548444249516,213.62940955162048,0.2210676670074463,0.0169494487345218,-0.0584473349153995,-0.0226025972515344,9,1
308,308,M3E2,0.1637559775365601,0.7967479674796748,68.78760480880737,1.217920422554016,0.4519907832145691,-0.1473511457443237,0.3141152262687683,9,1
309,309,TrueTreat,0.0,0.0,0.0,1.0275229357798166,0.2568807339449541,-0.2055045871559633,0.1027522935779817,9,1
310,310,DA,0.3839445628966922,0.8890266584004959,7.323384761810303,0.0640292300894913,-0.0145545031499646,-0.0048628714101458,0.0025447005222744,9,2
311,311,Dragonnet,0.3868657104816254,0.8537357937159995,178.69088864326477,0.0760510861873626,-0.0182835385203361,0.0225173607468605,0.0099475216120481,9,2
312,312,CEVAE,0.2920488893199678,0.8517834076348824,215.1989734172821,0.2182137221097946,0.1018096953630447,-0.0699169859290123,0.0345245897769928,9,2
313,313,M3E2,0.1506966863613609,0.8008171603677221,69.36432480812073,1.0999950170516968,0.5293477177619934,-0.2464802861213684,0.3196242749691009,9,2
314,314,TrueTreat,0.0,0.0,0.0,1.0275229357798166,0.2568807339449541,-0.2055045871559633,0.1027522935779817,9,2
315,315,DA,0.3848919528911964,0.8833777413404387,7.525055170059204,0.0996368096183059,-0.0191130074215902,0.0194086700323169,-0.0080223932704687,9,3
316,316,Dragonnet,0.3874719656217809,0.8554585036467522,171.47701954841614,0.0880481824278831,-0.020521217957139,0.0150108654052019,-0.0097434110939502,9,3
317,317,CEVAE,0.2879058561433072,0.8595928607051095,215.30290603637687,0.2018314003944397,0.1182489916682243,-0.0420555621385574,0.0789011716842651,9,3
318,318,M3E2,0.3907142881543264,0.8076298701298701,69.25739240646362,-0.3124454021453857,0.2364464998245239,-0.3017183542251587,0.2089931070804596,9,3
319,319,TrueTreat,0.0,0.0,0.0,1.0275229357798166,0.2568807339449541,-0.2055045871559633,0.1027522935779817,9,3
320,320,DA,0.3847184450578236,0.8845833333333334,7.436537504196167,0.0803548004175747,-0.0084107938118862,0.0180420147997373,-0.0001152215785298,9,4
321,321,Dragonnet,0.3869093520246412,0.8422622999226304,178.52284932136536,0.0905294641852378,-0.033142402768135,0.0043412102386355,-0.0080227088183164,9,4
322,322,CEVAE,0.3185125762741979,0.8444015743508787,216.36516451835632,0.1901923567056656,0.0523928590118885,-0.0599315762519836,0.0160934533923864,9,4
323,323,M3E2,0.4042479288072214,0.7982062780269059,69.58105731010437,-0.3442858159542084,0.2447639852762222,-0.3129042983055115,0.2284187972545623,9,4
324,324,TrueTreat,0.0,0.0,0.0,1.0275229357798166,0.2568807339449541,-0.2055045871559633,0.1027522935779817,9,4
325,325,DA,0.3860955661630865,0.8858808829654311,7.6368935108184814,0.0886247126421914,-0.0300247357717814,0.0043075087240046,-0.0060141823400356,9,5
326,326,Dragonnet,0.3840136689744856,0.8463223919401528,163.24514532089233,0.0898892879486084,-0.0155180813744664,0.0255760680884122,0.0078107360750436,9,5
327,327,CEVAE,0.3234521561447497,0.8557143097726573,217.02010774612427,0.1583373695611953,0.0827483013272285,-0.0001146793365478,0.0576515756547451,9,5
328,328,M3E2,0.3983116861672029,0.8012108980827447,70.2617495059967,-0.3329265713691711,0.222602292895317,-0.2614346742630005,0.2453410029411316,9,5
329,329,TrueTreat,0.0,0.0,0.0,1.0275229357798166,0.2568807339449541,-0.2055045871559633,0.1027522935779817,9,5
330,330,DA,0.3857576874790013,0.8768233387358184,7.58100152015686,0.0768503334878171,-0.0276470581764969,0.0088489348891442,0.0092754601205346,9,6
331,331,Dragonnet,0.3957719105950406,0.8530430381036995,150.5835292339325,0.0577673986554145,-0.0344069898128509,0.0141507033258676,0.0003632025618571,9,6
332,332,CEVAE,0.3298116003774072,0.8528707345917083,217.9430270195008,0.1686921119689941,0.0112260160967707,-0.053721971809864,0.0397740490734577,9,6
333,333,M3E2,0.1791622582925569,0.7988177339901478,70.29804944992065,1.1101714372634888,0.5976547002792358,-0.1480447947978973,0.3385190665721893,9,6
334,334,TrueTreat,0.0,0.0,0.0,1.0275229357798166,0.2568807339449541,-0.2055045871559633,0.1027522935779817,9,6
335,335,DA,0.3803601658066347,0.8796900489396411,7.322024822235107,0.093268822929901,-0.0296644445086608,0.0038239703894662,0.0114394792004031,9,7
336,336,Dragonnet,0.3831960608862306,0.8449133547887748,171.45418310165405,0.1116449534893035,-0.0388911329209804,0.02413678355515,0.0112592699006199,9,7
337,337,CEVAE,0.3059023759473081,0.8396656586763178,218.3838717937469,0.1699465811252594,0.0566598176956176,-0.0875263437628746,0.0549183040857315,9,7
338,338,M3E2,0.2065997971324335,0.7778688524590164,69.70095252990723,1.1876771450042725,0.4064536690711975,-0.0095125399529933,0.4234322905540466,9,7
339,339,TrueTreat,0.0,0.0,0.0,1.0275229357798166,0.2568807339449541,-0.2055045871559633,0.1027522935779817,9,7
340,340,DA,0.3827724140993439,0.8876701198456226,7.221377372741699,0.0839991974317209,-0.0156854352153741,0.0020250115793832,-0.0047178565756234,9,8
341,341,Dragonnet,0.3772780874190818,0.8490849656905568,168.64307355880737,0.1065285727381706,-0.0139282988384366,0.0065621170215308,-0.0024899560958147,9,8
342,342,CEVAE,0.3130657459754463,0.848603688588292,216.67319750785828,0.20950947701931,0.0439039431512355,-0.0423900224268436,0.0445941239595413,9,8
343,343,M3E2,0.1419691518051635,0.7956564659427443,69.84033370018005,1.1850608587265017,0.4206751585006714,-0.1217555478215217,0.265547513961792,9,8
344,344,TrueTreat,0.0,0.0,0.0,1.0275229357798166,0.2568807339449541,-0.2055045871559633,0.1027522935779817,9,8
345,345,DA,0.3816933093091423,0.8876381909547738,7.287444353103638,0.0810213499785262,-0.0094172305719922,0.0012769266760492,-0.0044398795083383,9,9
346,346,Dragonnet,0.3862562286579947,0.8540356283158608,191.6986575126648,0.0756620243191719,-0.0202969405800104,0.012168482877314,0.0044390349648892,9,9
347,347,CEVAE,0.2800235437374528,0.85147803053083,218.2347183227539,0.3567847013473511,0.0899424329400062,-0.0332523807883262,-0.0074131395667791,9,9
348,348,M3E2,0.2049405208267613,0.8095052590572654,69.61269354820251,0.8927359580993652,0.6565920114517212,-0.045538056641817,0.2280495911836624,9,9
349,349,TrueTreat,0.0,0.0,0.0,1.0275229357798166,0.2568807339449541,-0.2055045871559633,0.1027522935779817,9,9
350,350,DA,0.3813823955905939,0.8898408812729499,7.542866945266724,0.0769313689949871,0.0001720123236927,0.0219433689367067,0.0119709557143667,9,10
351,351,Dragonnet,0.3761854160023819,0.8484364697494859,137.78010201454163,0.0911973565816879,0.0062109720893204,0.0202702265232801,0.0107807843014597,9,10
352,352,CEVAE,0.3273897255916114,0.8485796930637542,217.4697272777557,0.1830842196941375,0.0949113443493843,0.0446958616375923,0.0498019456863403,9,10
353,353,M3E2,0.4008353748521127,0.7876810116255354,69.82475662231445,-0.3202751874923706,0.2975224554538727,-0.2211289554834365,0.3020295798778534,9,10
354,354,TrueTreat,0.0,0.0,0.0,1.0275229357798166,0.2568807339449541,-0.2055045871559633,0.1027522935779817,9,10
355,355,DA,0.3921751248855066,0.877618069815195,7.282151937484741,0.0743543948008881,-0.0245271757051502,0.0164517755401579,-0.0094153926388905,9,11
356,356,Dragonnet,0.3837807699950378,0.8544628961990678,161.44143962860107,0.0981659889221191,-0.0321834832429885,0.0095664458349347,0.0011214106343686,9,11
357,357,CEVAE,0.334436582741883,0.859058230933136,217.7185938358307,0.2215814441442489,-0.0142797967419028,-0.0074278991669416,0.0401846729218959,9,11
358,358,M3E2,0.3972025182337389,0.8084850910546327,70.05716824531555,-0.3401305675506592,0.2355957776308059,-0.2827301323413849,0.2253983616828918,9,11
359,359,TrueTreat,0.0,0.0,0.0,1.0275229357798166,0.2568807339449541,-0.2055045871559633,0.1027522935779817,9,11
360,360,DA,0.3869357989428224,0.8720476483877593,7.345234394073486,0.0785597774829205,-0.0285975242128404,0.0068352980104602,0.0017903994278063,9,12
361,361,Dragonnet,0.3816138895839419,0.8503804538751454,185.0056884288788,0.0964397639036178,-0.0264788400381803,0.0116900699213147,0.0079341381788253,9,12
362,362,CEVAE,0.3343723352212425,0.8494822553769316,218.6061832904816,0.1702676266431808,0.0363997220993042,-0.0228342730551958,0.0256695877760648,9,12
363,363,M3E2,0.1933757159961472,0.7984630163304516,70.08803486824036,1.0917798280715942,0.6683523058891296,-0.1577546894550323,0.3527767956256866,9,12
364,364,TrueTreat,0.0,0.0,0.0,1.0275229357798166,0.2568807339449541,-0.2055045871559633,0.1027522935779817,9,12
365,365,DA,0.3864971439049891,0.8797054009819967,7.492706298828125,0.0807055240277501,-0.0154335633098866,0.019642226442335,0.0010422405632306,9,13
366,366,Dragonnet,0.3859440475847538,0.8504831003527521,130.53966546058655,0.0808214843273162,-0.0174229070544242,0.0280704256147146,0.013556208461523,9,13
367,367,CEVAE,0.3206101601157303,0.858099465400031,218.3601493835449,0.1930858939886093,0.0974014997482299,0.0107266493141651,0.0304591655731201,9,13
368,368,M3E2,0.1022847355505741,0.8030303030303031,69.79387068748474,0.9609541893005372,0.417442113161087,-0.3144901096820831,0.1757755875587463,9,13
369,369,TrueTreat,0.0,0.0,0.0,1.0275229357798166,0.2568807339449541,-0.2055045871559633,0.1027522935779817,9,13
370,370,DA,0.3823088752873853,0.875722543352601,7.383025884628296,0.0880668427676626,-0.0164680619052669,0.0107507361135392,0.0025770045603183,9,14
371,371,Dragonnet,0.3774205475259538,0.8520951195825337,179.26165771484375,0.0981316417455673,-0.0212100315839052,0.0108386501669883,0.0168954003602266,9,14
372,372,CEVAE,0.3407503818074207,0.8616819775015799,217.98600101470947,0.1818394213914871,0.0294474884867668,0.0028003635816276,0.0211724769324064,9,14
373,373,M3E2,0.1109604933461464,0.810351799433886,69.71571183204651,0.9194823503494264,0.4010241329669952,-0.3178789913654327,0.1820358783006668,9,14
374,374,TrueTreat,0.0,0.0,0.0,1.0275229357798166,0.2568807339449541,-0.2055045871559633,0.1027522935779817,9,14
375,375,DA,0.3931490613026586,0.8878523626039343,7.356260776519775,0.0780651742609821,-0.0279843065274744,0.0325030282346504,0.0024864657492242,9,15
376,376,Dragonnet,0.3907993750093471,0.8469951977931267,199.33896112442017,0.0898766592144966,-0.0369632542133331,0.0312334205955266,0.0077830660156905,9,15
377,377,CEVAE,0.3022554117400165,0.8510190642917945,217.4008841514588,0.2499141097068786,0.067306600511074,-0.0286810398101806,0.0377371534705162,9,15
378,378,M3E2,0.4999256409260385,0.8241537053979872,69.79049038887024,-0.0880712494254112,0.101433515548706,0.1687145084142685,0.4571943581104278,9,15
379,379,TrueTreat,0.0,0.0,0.0,1.0275229357798166,0.2568807339449541,-0.2055045871559633,0.1027522935779817,9,15
380,380,DA,0.3847479721922718,0.8885690789473684,7.383621454238892,0.0774400242405227,-0.0091170490804158,0.012994594887781,-0.0016597185826972,9,16
381,381,Dragonnet,0.3869805583293516,0.8362204581314345,158.85385251045227,0.0792232900857925,-0.0360442139208316,0.0032385883387178,0.0047978293150663,9,16
382,382,CEVAE,0.2860984607744928,0.8406869162695336,217.8828086853028,0.1898188591003418,0.0730939954519271,-0.1534553170204162,0.0318985357880592,9,16
383,383,M3E2,0.0899413176974572,0.8080357142857143,70.20320510864258,0.9367639422416688,0.3890644907951355,-0.3178490102291107,0.1272303909063339,9,16
384,384,TrueTreat,0.0,0.0,0.0,1.0275229357798166,0.2568807339449541,-0.2055045871559633,0.1027522935779817,9,16
385,385,DA,0.3831337748712527,0.8768352365415986,7.332239627838135,0.0879603047250859,-0.0126893763461201,0.0112044021251469,-0.0039410752801141,9,17
386,386,Dragonnet,0.3871097552786256,0.8501119007294191,206.58708691596985,0.0792460218071937,-0.0205436088144779,0.0142706390470266,-0.000210244601476,9,17
387,387,CEVAE,0.315442774552476,0.8509516733857525,218.42415523529053,0.1440747380256652,0.0722529888153076,-0.0638728067278862,0.0506889186799526,9,17
388,388,M3E2,0.1122532151741992,0.8017090697222762,70.174795627594,1.1413072347640991,0.4046607613563537,-0.0877071544528007,0.1724033951759338,9,17
389,389,TrueTreat,0.0,0.0,0.0,1.0275229357798166,0.2568807339449541,-0.2055045871559633,0.1027522935779817,9,17
390,390,DA,0.3878377735264735,0.8788309316013803,7.328753709793091,0.0795891705125836,-0.0239415967367233,0.0156612612153375,0.0013231437922988,9,18
391,391,Dragonnet,0.388326949605808,0.852924144935987,154.50017786026,0.0926352217793464,-0.0389075055718421,0.0174996983259916,0.003124734153971,9,18
392,392,CEVAE,0.3087078808952089,0.8601996029461825,218.3437821865081,0.1651163548231125,0.0702817440032959,-0.0698946937918663,0.0525362342596054,9,18
393,393,M3E2,0.3285940654054626,0.8143420311620049,69.89411997795105,0.7719196677207947,0.6963846683502197,-0.0287004504352808,0.5452172160148621,9,18
394,394,TrueTreat,0.0,0.0,0.0,1.0275229357798166,0.2568807339449541,-0.2055045871559633,0.1027522935779817,9,18
395,395,DA,0.3864999036195499,0.8837400041008818,7.278639554977417,0.0890533137281518,-0.0281778981603471,-0.0007402627067044,-0.0149547422939928,9,19
396,396,Dragonnet,0.3929253714944667,0.841360727046555,161.04031586647034,0.0769296959042549,-0.0402123369276523,0.0171553194522857,0.0013970249565318,9,19
397,397,CEVAE,0.3207516382593627,0.8418991338708383,218.34969639778137,0.1632725596427917,0.0883373469114303,-0.0383908115327358,0.0196532793343067,9,19
398,398,M3E2,0.1675582793643783,0.807540056550424,69.709641456604,1.1876118183135986,0.4598143696784973,-0.024838974699378,0.2292972803115844,9,19
399,399,TrueTreat,0.0,0.0,0.0,1.0275229357798166,0.2568807339449541,-0.2055045871559633,0.1027522935779817,9,19
