,Method,MAE,F1_Test,Time(s),T0,T1,T2,T3,T4,seed_data,seed_models
0,DA,0.16634634932932063,0.26229508196721313,48.86475920677185,0.007377831413419987,-0.04498548864958854,-0.06248299493283688,0.06177041073345951,0.1688273317895213,6,0
1,Dragonnet,0.16846265666874516,0.5004529802903619,87.59817457199097,-0.03208082541823387,-0.10205712914466858,-0.1080954298377037,0.10854443907737732,0.13947121798992157,6,0
2,CEVAE,0.17298867408873903,0.4977679598329017,170.39401483535767,0.015519511885941029,-0.04356558620929718,-0.06754694879055023,0.038883231580257416,0.1568450629711151,6,0
3,M3E2,0.18709465660842522,0.26160337552742613,82.7813835144043,-0.10355277359485626,-0.08812951296567917,-0.2248784750699997,0.07984540611505508,0.2771928608417511,6,0
4,TrueTreat,0.0,0.0,0.0,0.07794591837187916,-0.18225098090312603,-0.0544551970190005,0.22477294913678475,0.6216951629069662,6,0
5,DA,0.14336063975807897,0.2359641985353946,48.16795778274536,0.054971440945609185,-0.09310017751609653,-0.024755561123010795,0.08104909636524175,0.19044073359740352,6,1
6,Dragonnet,0.14204270713718997,0.48748796797584315,77.49980187416077,0.040816981345415115,-0.1545112580060959,-0.12813831865787506,0.04298124462366104,0.2318251132965088,6,1
7,CEVAE,0.156374712732405,0.48761176619456403,173.10080528259277,0.05156667158007622,-0.0537579171359539,-0.042714715003967285,0.08143283426761627,0.14977450668811798,6,1
8,M3E2,0.12656582607644068,0.3723554301833569,83.40157508850098,0.007046435493975878,-0.16941605508327484,-0.16077499091625214,0.09726350009441376,0.3064296841621399,6,1
9,TrueTreat,0.0,0.0,0.0,0.07794591837187916,-0.18225098090312603,-0.0544551970190005,0.22477294913678475,0.6216951629069662,6,1
10,DA,0.14697487776486812,0.30637636080870917,48.87904477119446,0.06667156588353881,-0.06371833083064753,-0.05506905438651714,0.06636215623526935,0.1756524269124765,6,2
11,Dragonnet,0.16345619678370113,0.4851704142375448,76.75672793388367,0.04463062807917595,-0.021706627681851387,-0.08012150973081589,0.0002688996901270002,0.24844418466091156,6,2
12,CEVAE,0.16166355095502788,0.4925643426164642,170.85122156143188,0.06510451436042786,-0.02115515060722828,-0.03511522337794304,0.07552507519721985,0.15590249001979828,6,2
13,M3E2,0.1415293939254242,0.3936243936243936,83.25664854049683,0.027813144028186798,-0.19663889706134796,-0.21642804145812988,0.08933977782726288,0.27597489953041077,6,2
14,TrueTreat,0.0,0.0,0.0,0.07794591837187916,-0.18225098090312603,-0.0544551970190005,0.22477294913678475,0.6216951629069662,6,2
15,DA,0.15108209775727385,0.3022556390977444,48.381059885025024,0.09465982487358772,-0.03447183467699189,-0.06642241326038831,0.08799394086533209,0.1795239513612802,6,3
16,Dragonnet,0.14899986111315355,0.48725072444767176,87.30088138580322,0.03029077872633934,-0.04887910932302475,-0.14392447471618652,0.12867099046707153,0.2432941049337387,6,3
17,CEVAE,0.1666571932628458,0.4864610952179539,172.28724598884583,0.06535720080137253,-0.01359537709504366,-0.035966601222753525,0.08168210089206696,0.13123296201229095,6,3
18,M3E2,0.15005321302207578,0.3964211975223675,83.32156920433044,0.03461400419473648,-0.13352398574352264,-0.18897342681884766,0.08595734089612961,0.23682184517383575,6,3
19,TrueTreat,0.0,0.0,0.0,0.07794591837187916,-0.18225098090312603,-0.0544551970190005,0.22477294913678475,0.6216951629069662,6,3
20,DA,0.16584427267862417,0.2492063492063492,48.31086349487305,0.04471147722913183,-0.009548437532165232,-0.05904294528521044,0.033820634254031305,0.19395084717651678,6,4
21,Dragonnet,0.18945613340231046,0.4828634442807246,77.33721113204956,0.020476171746850014,-0.03553694859147072,-0.12510445713996887,0.0688113272190094,0.10520915687084198,6,4
22,CEVAE,0.16336396176067047,0.4914789125951179,173.1179141998291,0.05923272669315338,-0.005279879085719585,-0.04839174821972847,0.05009175464510918,0.18130429089069366,6,4
23,M3E2,0.15279507264251277,0.27827502034174123,83.8006341457367,0.05319487676024437,-0.0357765257358551,-0.1442711502313614,-0.00326344626955688,0.3467976450920105,6,4
24,TrueTreat,0.0,0.0,0.0,0.07794591837187916,-0.18225098090312603,-0.0544551970190005,0.22477294913678475,0.6216951629069662,6,4
25,DA,0.1455677569653414,0.1906443071491615,48.13090705871582,0.06834472810236308,-0.042527128745803625,-0.042286148783093384,0.0901068526529631,0.19001656522682642,6,5
26,Dragonnet,0.16286201975064743,0.48344040763278784,76.07518339157104,0.006583402398973703,-0.04429794102907181,-0.07720011472702026,0.06768501549959183,0.1965334713459015,6,5
27,CEVAE,0.16775571783108442,0.49116768900980545,171.33850646018982,0.1261305958032608,-0.068241186439991,0.006121831946074963,0.06958744674921036,0.16087357699871063,6,5
28,M3E2,0.11149235146212719,0.3636363636363636,83.45150685310364,0.0975605696439743,-0.09021328389644623,-0.14123396575450897,0.15292461216449738,0.334512859582901,6,5
29,TrueTreat,0.0,0.0,0.0,0.07794591837187916,-0.18225098090312603,-0.0544551970190005,0.22477294913678475,0.6216951629069662,6,5
30,DA,0.1448267187469126,0.3163265306122449,48.97247910499573,0.08510151396153773,-0.046648035527909186,-0.048806291466618246,0.07729327992329177,0.1934486849031539,6,6
31,Dragonnet,0.15791643396707641,0.4868805188609383,77.32116079330444,0.05956459417939186,0.0059598516672849655,-0.08285022526979446,0.11274650692939758,0.17912662029266357,6,6
32,CEVAE,0.07561296694729006,0.48964341898269537,169.3259720802307,0.049536366015672684,-0.04041089117527008,-0.022895820438861847,0.12413010001182556,,6,6
33,M3E2,0.11395396812176287,0.36363636363636365,83.42592763900757,0.07605551183223724,-0.18272186815738678,-0.1897660493850708,0.10311692953109741,0.31125348806381226,6,6
34,TrueTreat,0.0,0.0,0.0,0.07794591837187916,-0.18225098090312603,-0.0544551970190005,0.22477294913678475,0.6216951629069662,6,6
35,DA,0.15414452937291329,0.30541141586360265,48.691139459609985,0.08216825852268245,-0.06161453884561956,-0.0668031037224548,0.03754268134082583,0.17540947275012286,6,7
36,Dragonnet,0.17187317467925006,0.4988298238886439,77.31563091278076,0.036648597568273544,-0.021895695477724075,-0.05195958539843559,0.022721556946635246,0.16852889955043793,6,7
37,CEVAE,0.19502219945912816,0.4999393305540915,155.39772367477417,,-0.048187289386987686,-0.07751131057739258,0.04891030490398407,0.17458881437778473,6,7
38,M3E2,0.15326326270344126,0.3607272727272728,83.89676713943481,0.010916323401033878,-0.15094774961471558,-0.21267268061637878,0.04924887418746948,0.28745323419570923,6,7
39,TrueTreat,0.0,0.0,0.0,0.07794591837187916,-0.18225098090312603,-0.0544551970190005,0.22477294913678475,0.6216951629069662,6,7
40,DA,0.1453178761387924,0.29185185185185186,48.99385595321655,0.09198161685507592,-0.02761194527034692,-0.10202620564820855,0.11184248697165884,0.22428198712331407,6,8
41,Dragonnet,0.14425908238383398,0.47035964113054546,88.75312304496765,0.040227096527814865,-0.01691633276641369,-0.13477659225463867,0.13634885847568512,0.27219870686531067,6,8
42,CEVAE,0.15454482030811179,0.49715464619044464,175.3853998184204,0.07770960032939911,-0.009405436925590038,-0.07750749588012695,0.09448754042387009,0.17539063096046448,6,8
43,M3E2,0.1285271413819804,0.34021352313167263,83.68296027183533,0.10798034816980362,-0.07986170798540115,-0.26382139325141907,0.1945946365594864,0.3510276675224304,6,8
44,TrueTreat,0.0,0.0,0.0,0.07794591837187916,-0.18225098090312603,-0.0544551970190005,0.22477294913678475,0.6216951629069662,6,8
45,DA,0.1401098906852821,0.2743221690590112,48.8685827255249,0.08839897599976475,-0.0652267352505513,-0.04533997505161286,0.09096815547542134,0.19154302838976708,6,9
46,Dragonnet,0.14768817627093214,0.481617895554436,76.90912771224976,0.0011360145872458816,-0.06547235697507858,-0.07062891125679016,0.11207812279462814,0.20571134984493256,6,9
47,CEVAE,0.16052328131792,0.49790356394129975,171.80150532722473,0.053443703800439835,-0.04757427051663399,-0.023975124582648277,0.0625668615102768,0.17094384133815765,6,9
48,M3E2,0.1068484060661807,0.341744772891132,83.2959954738617,0.1294412910938263,-0.1069519966840744,-0.09518090635538101,0.1392572671175003,0.34048888087272644,6,9
49,TrueTreat,0.0,0.0,0.0,0.07794591837187916,-0.18225098090312603,-0.0544551970190005,0.22477294913678475,0.6216951629069662,6,9
50,DA,0.14441684469302862,0.10048309178743962,49.175535440444946,0.0563147888833948,-0.061852904276187705,-0.05284046957311303,0.08603763398884419,0.18199018815107387,6,10
51,Dragonnet,0.16476223163937084,0.4829097649710932,77.85625386238098,0.02547040954232216,0.0033256050664931536,-0.0517847016453743,0.10892714560031891,0.1544523984193802,6,10
52,CEVAE,0.09167284895482933,0.4953823203946366,167.00527572631836,0.03231712430715561,-0.049843087792396545,-0.05425005033612251,0.036323387175798416,,6,10
53,M3E2,0.10969389588328468,0.3032207384131972,83.20725893974304,0.023905271664261818,-0.14099492132663727,-0.20586548745632172,0.16074487566947937,0.3839607536792755,6,10
54,TrueTreat,0.0,0.0,0.0,0.07794591837187916,-0.18225098090312603,-0.0544551970190005,0.22477294913678475,0.6216951629069662,6,10
55,DA,0.15167766130395538,0.2618296529968454,48.712053298950195,0.03885306801876437,-0.05574772827785665,-0.04980652724258566,0.08814505180680492,0.17017952647196807,6,11
56,Dragonnet,0.1661426233842676,0.47369754356182747,76.58575892448425,-0.012406359426677227,-0.04015457257628441,-0.022366121411323547,0.0658954307436943,0.21439732611179352,6,11
57,CEVAE,0.17130429751870088,0.4923646767237143,172.52946662902832,0.03232276439666748,0.018530482426285744,-0.03829417750239372,0.08564886450767517,0.16686339676380157,6,11
58,M3E2,0.12079418436380493,0.49863611565739224,82.97261500358582,-0.00893356092274189,-0.14343394339084625,-0.09903587400913239,0.09553098678588867,0.31724339723587036,6,11
59,TrueTreat,0.0,0.0,0.0,0.07794591837187916,-0.18225098090312603,-0.0544551970190005,0.22477294913678475,0.6216951629069662,6,11
60,DA,0.1430509945565786,0.31841526045487895,48.461827754974365,0.05792314115392453,-0.06145638968911764,-0.08197273140117783,0.09354096084407601,0.20600708123092243,6,12
61,Dragonnet,0.16369261755364406,0.4750652724901765,87.44192385673523,0.008384594693779945,0.0030433661304414272,-0.09278792887926102,0.12420496344566345,0.19698846340179443,6,12
62,CEVAE,0.1512645053187238,0.4889306649855857,170.594575881958,0.04816186800599098,-0.022536814212799072,-0.061476826667785645,0.09983933717012405,0.18682609498500824,6,12
63,M3E2,0.12125497483404743,0.3778866340097971,82.78225040435791,0.02912818267941475,-0.13167710602283478,-0.22813628613948822,0.14226847887039185,0.37099745869636536,6,12
64,TrueTreat,0.0,0.0,0.0,0.07794591837187916,-0.18225098090312603,-0.0544551970190005,0.22477294913678475,0.6216951629069662,6,12
65,DA,0.15700243822279863,0.23875715453802127,48.087281465530396,0.0801442073391002,-0.06268865246099145,-0.07029618761358285,0.04731664222134862,0.1517408867123471,6,13
66,Dragonnet,0.14951939829381572,0.5116636000520703,79.9312629699707,0.041921112686395645,-0.04033302143216133,-0.056934989988803864,0.08547576516866684,0.19381791353225708,6,13
67,CEVAE,0.16614050015506202,0.49314037482611883,170.53629612922668,0.07595502585172653,-0.00831470638513565,-0.04706546664237976,0.05347883701324463,0.14560367166996002,6,13
68,M3E2,0.1521730102441269,0.37570621468926546,83.02914810180664,0.07091166079044342,-0.20781444013118744,-0.27355286478996277,0.09895595163106918,0.2383424937725067,6,13
69,TrueTreat,0.0,0.0,0.0,0.07794591837187916,-0.18225098090312603,-0.0544551970190005,0.22477294913678475,0.6216951629069662,6,13
70,DA,0.15561146573932666,0.28747117601844735,49.52376914024353,0.013832802693825377,-0.07236994016322114,-0.04156810158977838,0.06010707533476072,0.19518495985953777,6,14
71,Dragonnet,0.1786823302291041,0.48764947437918965,76.33955144882202,-0.04720558226108551,0.016927344724535942,-0.04615345224738121,0.007332612294703722,0.2783554196357727,6,14
72,CEVAE,0.16910954050418786,0.49822127130180666,170.86470317840576,0.02383057214319706,-0.02093341574072838,-0.040929410606622696,0.04298504814505577,0.18689405918121338,6,14
73,M3E2,0.13818984874280557,0.27740863787375414,82.93236303329468,-0.01665760576725006,-0.09738714247941971,-0.15482741594314575,0.1294453889131546,0.3059130609035492,6,14
74,TrueTreat,0.0,0.0,0.0,0.07794591837187916,-0.18225098090312603,-0.0544551970190005,0.22477294913678475,0.6216951629069662,6,14
75,DA,0.15010058020244194,0.28484386900228487,48.1806960105896,0.05470100502270394,-0.06147387034837956,-0.0324039146083714,0.07773648051966178,0.18430203682643018,6,15
76,Dragonnet,0.15384398125799764,0.4751564029078638,80.533771276474,0.046157851815223694,-0.03829612210392952,-0.12076462060213089,0.07688828557729721,0.242412269115448,6,15
77,CEVAE,0.18486366436605908,0.4853214119266747,169.8843936920166,,-0.04314299300312996,-0.061937056481838226,0.06782916933298111,0.18577413260936737,6,15
78,M3E2,0.11163195096644032,0.32590315142198306,83.33543372154236,0.04587843641638756,-0.14870652556419373,-0.17151005566120148,0.12038841098546982,0.35058674216270447,6,15
79,TrueTreat,0.0,0.0,0.0,0.07794591837187916,-0.18225098090312603,-0.0544551970190005,0.22477294913678475,0.6216951629069662,6,15
80,DA,0.14062297732870427,0.30134932533733133,48.20865535736084,0.0631456785845068,-0.06817397929442454,-0.085665095264205,0.11570942887443794,0.18773093616707012,6,16
81,Dragonnet,0.1462810410627948,0.48572193664452434,77.00246906280518,-0.019928419962525368,-0.08633420616388321,-0.09960765391588211,0.06325791031122208,0.29074856638908386,6,16
82,CEVAE,0.1534988124638503,0.4906055399065652,171.65074920654297,0.05696389451622963,-0.05085471644997597,-0.041192539036273956,0.08329490572214127,0.16132009029388428,6,16
83,M3E2,0.13235102592324793,0.38986629134412387,83.23037028312683,0.046303149312734604,-0.2289549708366394,-0.2266213744878769,0.13436175882816315,0.30086416006088257,6,16
84,TrueTreat,0.0,0.0,0.0,0.07794591837187916,-0.18225098090312603,-0.0544551970190005,0.22477294913678475,0.6216951629069662,6,16
85,DA,0.15238811359698096,0.0892337536372454,49.73329830169678,0.08889995923872901,-0.033549878582673866,-0.03628480592795103,0.08748843527748372,0.174864643059714,6,17
86,Dragonnet,0.16115841867494726,0.5055532396088938,77.1617534160614,0.09158912301063538,-0.04185442999005318,-0.06815783679485321,0.07863254845142365,0.12978586554527283,6,17
87,CEVAE,0.1582715355574792,0.5021688875533912,171.51549291610718,0.07215218991041183,-0.019052116200327873,-0.042567312717437744,0.08500124514102936,0.15098966658115387,6,17
88,M3E2,0.14655532189401257,0.3763736263736264,83.3981876373291,0.059087954461574554,-0.13820664584636688,-0.2295997142791748,0.09640969336032867,0.25532862544059753,6,17
89,TrueTreat,0.0,0.0,0.0,0.07794591837187916,-0.18225098090312603,-0.0544551970190005,0.22477294913678475,0.6216951629069662,6,17
90,DA,0.1464693622801309,0.18867924528301885,48.74388265609741,0.04760465977126591,-0.050853661125728235,-0.01976426418966802,0.10376892688320226,0.20678188496723757,6,18
91,Dragonnet,0.17212558153715785,0.46749479965723956,76.77012252807617,0.008134747855365276,-0.058417562395334244,0.07794313132762909,0.11589877307415009,0.195984348654747,6,18
92,CEVAE,0.16296065233346874,0.4818003915987542,173.11175179481506,0.016072461381554604,-0.030363325029611588,-0.024953044950962067,0.12008240073919296,0.1548457145690918,6,18
93,M3E2,0.14116287328990565,0.25965488907148726,83.3240156173706,-0.07672549784183502,-0.12714731693267822,-0.12499595433473587,0.11683265119791031,0.3041369318962097,6,18
94,TrueTreat,0.0,0.0,0.0,0.07794591837187916,-0.18225098090312603,-0.0544551970190005,0.22477294913678475,0.6216951629069662,6,18
95,DA,0.15964018472174799,0.269680436477007,47.88950514793396,0.03785641982657819,-0.04709197484907133,-0.0333913810798897,0.0731711700353568,0.17140833893812066,6,19
96,Dragonnet,0.1704382874786561,0.4785676686183214,77.96449899673462,-0.02979733608663082,-0.0825338065624237,-0.050497930496931076,0.06926848739385605,0.13642588257789612,6,19
97,CEVAE,0.17256848797889818,0.4910112027218022,171.86734175682068,0.02968921698629856,-0.024076491594314575,-0.05918481573462486,0.049520350992679596,0.14526613056659698,6,19
98,M3E2,0.16036294721754657,0.2989439480097482,82.82142066955566,0.029661083593964577,-0.021542998030781746,-0.17265668511390686,0.1022246703505516,0.2696230113506317,6,19
99,TrueTreat,0.0,0.0,0.0,0.07794591837187916,-0.18225098090312603,-0.0544551970190005,0.22477294913678475,0.6216951629069662,6,19
100,DA,0.1195040777953547,0.10748560460652591,48.571134090423584,-0.11814054324316287,0.02302819846295226,-0.02744721631362601,-0.02242408701141804,0.09635455419053204,7,0
101,Dragonnet,0.12530743135188485,0.4884628783912045,78.01859092712402,-0.11686112731695175,0.02985178492963314,-0.004214384593069553,0.03772525116801262,0.10669143497943878,7,0
102,CEVAE,0.13237295677820732,0.481455507618882,173.39174342155457,-0.12636996805667877,0.025029804557561874,-0.04733148589730263,-0.010931809432804585,0.053155675530433655,7,0
103,M3E2,0.10688828766147458,0.2594075260208166,83.31548380851746,-0.2540345788002014,0.008272403851151466,-0.09394127875566483,-0.1358807384967804,0.05933601036667824,7,0
104,TrueTreat,0.0,0.0,0.0,-0.422631425950089,0.1164843426352082,-0.0082050409196461,-0.10187907074912696,0.19723075715643465,7,0
105,DA,0.10686187733207457,0.2670807453416149,49.382577657699585,-0.08566278141609697,0.03652736096981169,-0.004417323979588743,-0.07981293463972991,0.10570084974490479,7,1
106,Dragonnet,0.12996160248343613,0.49606873889759495,77.77256894111633,-0.022212190553545952,0.04378402233123779,0.02323961816728115,-0.07646840065717697,0.07739762961864471,7,1
107,CEVAE,0.1261716841341047,0.48542859925773485,172.83395886421204,-0.09485691785812378,0.025043727830052376,-0.022225946187973022,-0.045847561210393906,0.05563987419009209,7,1
108,M3E2,0.10255164257983529,0.2902979373567609,82.79857206344604,-0.19309987127780914,0.057095274329185486,-0.04046931117773056,-0.20795655250549316,0.11173491925001144,7,1
109,TrueTreat,0.0,0.0,0.0,-0.422631425950089,0.1164843426352082,-0.0082050409196461,-0.10187907074912696,0.19723075715643465,7,1
110,DA,0.11212222503146048,0.20236087689713325,49.36660313606262,-0.09752530653740188,0.013483502272490485,-0.024310956330109754,-0.0805505415137596,0.10216103642036818,7,2
111,Dragonnet,0.12080800035903738,0.48185417014784876,77.74333643913269,-0.1645514965057373,-0.02255898341536522,-0.019993020221590996,-0.08901915699243546,0.014961903914809227,7,2
112,CEVAE,0.1266852582425861,0.4837736851791955,175.7291271686554,-0.12745557725429535,0.023399926722049713,-0.05030244588851929,-0.04296482726931572,0.053076379001140594,7,2
113,M3E2,0.1145634589324411,0.14074074074074075,84.93096256256104,-0.27610868215560913,-0.04506663605570793,-0.0924457311630249,-0.1552695482969284,0.07011835277080536,7,2
114,TrueTreat,0.0,0.0,0.0,-0.422631425950089,0.1164843426352082,-0.0082050409196461,-0.10187907074912696,0.19723075715643465,7,2
115,DA,0.11546661989098365,0.08406647116324535,50.95126438140869,-0.1016391794343846,0.024995907206976607,-0.03281392111205459,-0.09237363811376616,0.06649265247322166,7,3
116,Dragonnet,0.1226628752977638,0.4963996543104929,88.15298366546631,-0.12950265407562256,-0.033462874591350555,-0.04878654330968857,-0.08593729138374329,0.08351565152406693,7,3
117,CEVAE,0.13947905601070604,0.48986911274042944,167.6680588722229,-0.13262011110782623,0.05680455267429352,-0.04454280063509941,,0.02534339763224125,7,3
118,M3E2,0.11402580352435396,0.2398001665278934,84.2870740890503,-0.27477774024009705,0.0230881180614233,-0.08616894483566284,0.04219057410955429,0.09038519859313965,7,3
119,TrueTreat,0.0,0.0,0.0,-0.422631425950089,0.1164843426352082,-0.0082050409196461,-0.10187907074912696,0.19723075715643465,7,3
120,DA,0.10850327338497749,0.26360153256704977,48.8592164516449,-0.10801044325248842,0.04625402774722805,-0.010301134285207911,-0.05188356341002565,0.09165728852179104,7,4
121,Dragonnet,0.14161423264006662,0.48431445390366107,77.27201390266418,-0.050685759633779526,0.013325746171176434,-0.05348331108689308,-0.02839374542236328,0.08302745223045349,7,4
122,CEVAE,0.1168938121379404,0.4993875511064852,172.7868151664734,-0.122237928211689,0.04819190502166748,-0.03118366003036499,-0.031150175258517265,0.07515514642000198,7,4
123,M3E2,0.11650715606222437,0.2644757433489828,82.94471526145935,-0.25159457325935364,0.011926848441362381,-0.055302735418081284,-0.023568889126181602,0.01569719985127449,7,4
124,TrueTreat,0.0,0.0,0.0,-0.422631425950089,0.1164843426352082,-0.0082050409196461,-0.10187907074912696,0.19723075715643465,7,4
125,DA,0.11407904060146282,0.20475020475020472,48.286701679229736,-0.0944353564541605,0.0635281955513406,0.03123592938915305,-0.05506396616140379,0.09424384562543901,7,5
126,Dragonnet,0.09746970744738863,0.48657869614884197,79.25953936576843,-0.2849815785884857,0.016175249591469765,-0.08642788231372833,-0.028632286936044693,0.09931078553199768,7,5
127,CEVAE,0.13902828231174322,0.49227054984187846,148.0641541481018,-0.09273247420787811,0.06182454526424408,0.0243210569024086,,,7,5
128,M3E2,0.07935769340171532,0.2854938271604938,83.3718752861023,-0.2780664563179016,0.055821921676397324,-0.0006997377495281398,-0.13616278767585754,0.0474587008357048,7,5
129,TrueTreat,0.0,0.0,0.0,-0.422631425950089,0.1164843426352082,-0.0082050409196461,-0.10187907074912696,0.19723075715643465,7,5
130,DA,0.11148439856083081,0.07827788649706457,49.73159170150757,-0.08171841653264664,0.01852254319380997,-0.01863796595389064,-0.08032965572590298,0.11066591326858978,7,6
131,Dragonnet,0.12016127836008336,0.4919091804161475,77.72103142738342,-0.06136346608400345,0.05447310209274292,0.007286085281521082,-0.029736720025539398,0.10733704268932343,7,6
132,CEVAE,0.05857466756648899,0.49127085533679365,166.3986690044403,,0.004379543475806713,-0.02594120055437088,-0.05599602684378624,,7,6
133,M3E2,0.13411327950457894,0.285935085007728,83.45896673202515,-0.09877009689807892,0.04320162907242775,-0.09991031885147095,-0.14800925552845,0.06164386495947838,7,6
134,TrueTreat,0.0,0.0,0.0,-0.422631425950089,0.1164843426352082,-0.0082050409196461,-0.10187907074912696,0.19723075715643465,7,6
135,DA,0.11705377842481872,0.2544,48.70747184753418,-0.11696467736090414,0.029358060912422393,-0.015960428541216255,-0.04932904651015483,0.065060307204854,7,7
136,Dragonnet,0.1303401316137104,0.4800397184184425,87.82191038131714,-0.10987646132707596,0.02410736121237278,-0.045281775295734406,-0.019490377977490425,0.070127472281456,7,7
137,CEVAE,0.1125204543588009,0.49314877836046567,175.30731678009033,-0.15595880150794983,0.04115624725818634,0.01174695510417223,-0.03931289166212082,0.05914738029241562,7,7
138,M3E2,0.12168919170210646,0.11902439024390243,84.192551612854,-0.06814192235469818,0.07424412667751312,-0.024086996912956238,-0.03628886491060257,0.06698668003082275,7,7
139,TrueTreat,0.0,0.0,0.0,-0.422631425950089,0.1164843426352082,-0.0082050409196461,-0.10187907074912696,0.19723075715643465,7,7
140,DA,0.11743779939613463,0.14821272885789014,48.38102149963379,-0.08638372506948619,0.048168220189898935,-0.0682934887115244,-0.08791403523417726,0.08865906680850154,7,8
141,Dragonnet,0.10622430639390612,0.48541081015575926,78.1360924243927,-0.13898691534996033,0.014790404587984085,0.007482124492526054,-0.07496440410614014,0.09404950588941574,7,8
142,CEVAE,0.11465077089081095,0.4900015360682287,176.3453884124756,-0.12719736993312836,0.04793308302760124,-0.028409207239747047,-0.0499260351061821,0.060119420289993286,7,8
143,M3E2,0.12250814862350785,0.2752150117279124,83.32659006118774,-0.23136892914772034,0.03217572346329689,-0.11115565896034241,-0.23640966415405273,0.09774234145879745,7,8
144,TrueTreat,0.0,0.0,0.0,-0.422631425950089,0.1164843426352082,-0.0082050409196461,-0.10187907074912696,0.19723075715643465,7,8
145,DA,0.10689727034599308,0.07500000000000001,49.39059495925903,-0.10043105608412571,0.042992692881587385,-0.031351358674525265,-0.08322605493664778,0.10023575861341179,7,9
146,Dragonnet,0.11530521107772876,0.4808222290946196,77.20276045799255,-0.11680027097463608,0.036144234240055084,-0.04405004903674126,0.009804611094295979,0.1544046550989151,7,9
147,CEVAE,0.10930631259391592,0.49943953078934483,175.6624722480774,-0.12962745130062103,0.05660600587725639,-0.028086699545383453,-0.07474450767040253,0.05059772729873657,7,9
148,M3E2,0.1407477148416158,0.27094753328112764,83.94319772720337,-0.1917547881603241,0.0034138434566557407,-0.1004556268453598,-0.22988680005073547,0.057697635143995285,7,9
149,TrueTreat,0.0,0.0,0.0,-0.422631425950089,0.1164843426352082,-0.0082050409196461,-0.10187907074912696,0.19723075715643465,7,9
150,DA,0.11862797648722509,0.17168141592920352,49.01419019699097,-0.09552974782895682,0.022335163978066296,-0.0031862061454586,-0.059385458811749094,0.07285417821014872,7,10
151,Dragonnet,0.10677551055262376,0.4871977606672956,78.3345251083374,-0.059574197977781296,0.06558093428611755,-0.016220102086663246,-0.020945092663168907,0.16626287996768951,7,10
152,CEVAE,0.12077991986582563,0.4957855789974118,191.55573177337646,-0.1458749622106552,0.04515288770198822,-0.03751242905855179,-0.036705125123262405,0.035900410264730453,7,10
153,M3E2,0.10855819127323889,0.2782608695652174,86.91232109069824,-0.22253774106502533,0.0031371444929391146,-0.01651914417743683,-0.16726328432559967,0.041579000651836395,7,10
154,TrueTreat,0.0,0.0,0.0,-0.422631425950089,0.1164843426352082,-0.0082050409196461,-0.10187907074912696,0.19723075715643465,7,10
155,DA,0.10717818701021431,0.15775635407537247,49.37098979949951,-0.08171458334525206,0.02491399570788733,-0.017145213677299778,-0.0839485563996047,0.12069769874469688,7,11
156,Dragonnet,0.12630161778936672,0.4910484022687617,78.34989666938782,-0.03580353036522865,0.04869624599814415,-0.02759837917983532,-0.0820726826786995,0.05953838676214218,7,11
157,CEVAE,0.11844295300592447,0.4876739236063069,194.07366633415222,-0.09388682246208191,0.0207753237336874,-0.00524865509942174,-0.03708793595433235,0.0972171351313591,7,11
158,M3E2,0.11173667773405875,0.16984402079722702,87.93096590042114,-0.22838465869426727,-0.02102343551814556,-0.05266285687685013,-0.2466413527727127,0.15952201187610626,7,11
159,TrueTreat,0.0,0.0,0.0,-0.422631425950089,0.1164843426352082,-0.0082050409196461,-0.10187907074912696,0.19723075715643465,7,11
160,DA,0.13538565606944378,0.18941979522184302,51.94690942764282,-0.0815106184535547,-0.022124035071285433,-0.03655995586994134,-0.0418940999504699,0.08837154776119599,7,12
161,Dragonnet,0.12433480145458845,0.47486930360266644,78.28630471229553,-0.11580362170934677,0.015428058803081512,0.030951859429478645,-0.03231429681181908,0.09216251224279404,7,12
162,CEVAE,0.1395932907790928,0.4881099972466589,193.09954571723938,-0.11731380969285965,-0.016463585197925568,-0.05743507668375969,-0.037580154836177826,0.051058799028396606,7,12
163,M3E2,0.118668315334123,0.18921308576480989,86.65251326560974,-0.21642453968524933,-0.07155954837799072,-0.11839716136455536,-0.14957328140735626,0.15602628886699677,7,12
164,TrueTreat,0.0,0.0,0.0,-0.422631425950089,0.1164843426352082,-0.0082050409196461,-0.10187907074912696,0.19723075715643465,7,12
165,DA,0.10729728776172787,0.07782101167315174,48.07829141616821,-0.10268901072825662,0.05783686276048045,0.004689026482329091,-0.0520578291838811,0.10204952241157653,7,13
166,Dragonnet,0.11523422927179154,0.49672511447019785,78.24736785888672,-0.10896876454353333,0.07910451292991638,0.06560584902763367,-0.0012480680597946048,0.14654399454593658,7,13
167,CEVAE,0.14106118979388446,0.48929807530080244,173.292151927948,-0.14931172132492065,0.062012773007154465,,-0.024701043963432312,0.03795529901981354,7,13
168,M3E2,0.09191107950906122,0.25902668759811615,82.96353912353516,-0.28302618861198425,0.03648574650287628,-0.08416725695133209,-0.15367311239242554,0.08503545075654984,7,13
169,TrueTreat,0.0,0.0,0.0,-0.422631425950089,0.1164843426352082,-0.0082050409196461,-0.10187907074912696,0.19723075715643465,7,13
170,DA,0.12320291315357682,0.02270381836945305,49.81540060043335,-0.08794718749240904,0.03714759649464945,-0.03284288755026766,-0.016143041603121803,0.1056110517634161,7,14
171,Dragonnet,0.14368685618776614,0.49028185273636193,77.3313319683075,-0.014178195036947727,0.15750455856323242,-0.07809308916330338,0.05930757150053978,0.1593446135520935,7,14
172,CEVAE,0.12592771664197136,0.4926721648237127,172.47283029556274,-0.11984634399414062,0.00632977532222867,-0.03516276180744171,-0.007132530212402344,0.10223608464002609,7,14
173,M3E2,0.21520625444842761,0.38396897220426635,83.7521800994873,-0.06794891506433487,0.3270232379436493,0.3946223258972168,-0.11216143518686295,0.09953062236309052,7,14
174,TrueTreat,0.0,0.0,0.0,-0.422631425950089,0.1164843426352082,-0.0082050409196461,-0.10187907074912696,0.19723075715643465,7,14
175,DA,0.10892121482801934,0.1372549019607843,48.81183052062988,-0.10340376134389499,0.036288276887939015,-0.025506604668687167,-0.06105852432147778,0.11017052354649143,7,15
176,Dragonnet,0.142960961404541,0.4920808110198472,77.59649586677551,-0.054768454283475876,-0.04386165365576744,-0.06610837578773499,-0.09517761319875717,0.07523971050977707,7,15
177,CEVAE,0.12276410503248261,0.5045203013323294,171.96595668792725,-0.13753162324428558,0.009388296864926815,-0.03236955404281616,-0.05758849158883095,0.044061172753572464,7,15
178,M3E2,0.12447847203153037,0.14464285714285716,82.86751747131348,-0.2274637520313263,-0.0009645831305533648,-0.13758113980293274,-0.18600055575370789,0.10095258057117462,7,15
179,TrueTreat,0.0,0.0,0.0,-0.422631425950089,0.1164843426352082,-0.0082050409196461,-0.10187907074912696,0.19723075715643465,7,15
180,DA,0.11440639393968,0.082771896053898,49.66892218589783,-0.11753630720761384,0.059324157375435865,-0.028372588219541493,-0.031810950743971,0.0776897587653335,7,16
181,Dragonnet,0.1154593999118595,0.5041156480912369,76.35935664176941,-0.12165517359972,0.06388357281684875,-0.016545208171010017,0.018215106800198555,0.10194512456655502,7,16
182,CEVAE,0.1233089779124646,0.4947649666074215,173.12210607528687,-0.14363373816013336,0.022646646946668625,-0.012709242291748524,-0.020790990442037582,0.03911353275179863,7,16
183,M3E2,0.11251260257127546,0.26332288401253917,83.19505214691162,-0.2627236247062683,0.0021505870390683413,-0.0557405985891819,-0.1553073674440384,0.009873155504465103,7,16
184,TrueTreat,0.0,0.0,0.0,-0.422631425950089,0.1164843426352082,-0.0082050409196461,-0.10187907074912696,0.19723075715643465,7,16
185,DA,0.11379142766269909,0.151380231522707,49.85435700416565,-0.10155440809403339,0.04927080824525562,0.016148139126226348,-0.06541094469916361,0.07738547718478321,7,17
186,Dragonnet,0.11841715915063904,0.5015252885141098,76.36050128936768,-0.04224277287721634,0.03475712984800339,-0.009457566775381565,-0.07733229547739029,0.09306012839078903,7,17
187,CEVAE,0.12528496803764963,0.49994885056539395,173.05460596084595,-0.09936410933732986,0.04476375877857208,-0.0051969606429338455,-0.03251270949840546,0.03816825896501541,7,17
188,M3E2,0.08579445905784928,0.25121555915721233,82.4350016117096,-0.22696365416049957,0.05395885556936264,-0.020697560161352158,-0.14190199971199036,0.07896716892719269,7,17
189,TrueTreat,0.0,0.0,0.0,-0.422631425950089,0.1164843426352082,-0.0082050409196461,-0.10187907074912696,0.19723075715643465,7,17
190,DA,0.12485763982630971,0.27286821705426356,48.12522220611572,-0.08670083827629826,0.05841339890514063,-0.045719135885357344,-0.04316500724283733,0.06317224790074523,7,18
191,Dragonnet,0.13614489274034786,0.4678354319850381,77.44831705093384,-0.06987567245960236,0.010605724528431892,-0.04445105046033859,0.014090858399868011,0.1273566037416458,7,18
192,CEVAE,0.12582361871311948,0.4901181946525027,170.71103978157043,-0.11905118077993393,0.04937224090099335,-0.0474279522895813,-0.03423352539539337,0.045673467218875885,7,18
193,M3E2,0.09419295298535438,0.31402439024390244,82.92555117607117,-0.2810136079788208,0.15065133571624756,-0.04240207001566887,-0.2098688930273056,0.0442376546561718,7,18
194,TrueTreat,0.0,0.0,0.0,-0.422631425950089,0.1164843426352082,-0.0082050409196461,-0.10187907074912696,0.19723075715643465,7,18
195,DA,0.11969926267895681,0.1646398503274088,48.79922580718994,-0.08765680402079948,0.016518248999014908,-0.012432531223377685,-0.03402732216371327,0.10575439821627867,7,19
196,Dragonnet,0.11332528637771273,0.460514533378315,75.75227379798889,-0.0809917077422142,0.024869538843631744,0.007787169888615608,-0.07604891806840897,0.10568121075630188,7,19
197,CEVAE,0.12848846374594386,0.47287738582448746,171.9499626159668,-0.12611907720565796,0.029086774215102196,-0.0014221336459740996,-0.00807941984385252,0.03928091377019882,7,19
198,M3E2,0.09173447956132555,0.28966639544344996,82.34133720397949,-0.23243653774261475,0.001396136125549674,-0.06346326321363449,-0.11274849623441696,0.10996910184621811,7,19
199,TrueTreat,0.0,0.0,0.0,-0.422631425950089,0.1164843426352082,-0.0082050409196461,-0.10187907074912696,0.19723075715643465,7,19
200,DA,0.2748573145241247,0.10276679841897234,47.62387943267822,-0.00469654097663447,-0.030429661655225208,0.1046349853454505,0.032366280709487306,0.15666067503097383,8,0
201,Dragonnet,0.2624809918811706,0.488232657812671,77.85956716537476,-0.05651078373193741,0.03399762511253357,0.10951832681894302,0.024726079776883125,0.30133140087127686,8,0
202,CEVAE,0.27823183852044614,0.48769222744364243,170.65763688087463,-0.03952699154615402,-0.040672753006219864,0.04041082039475441,0.06509889662265778,0.15965768694877625,8,0
203,M3E2,0.23732890653220684,0.2815768302493966,82.83174014091492,-0.10358282923698425,-0.12157143652439117,0.1275516301393509,0.07815825194120407,0.24712933599948883,8,0
204,TrueTreat,0.0,0.0,0.0,-0.022801179154954943,-0.2728206833180276,0.4867425772556366,0.3465873830592348,0.5741228935505409,8,0
205,DA,0.27484360529012886,0.2504118616144975,48.12734889984131,0.0015853957509209301,-0.041564704643777164,0.08568229214241722,0.04937961581291206,0.15381547303956508,8,1
206,Dragonnet,0.2635192575546858,0.5085269793093227,76.50281095504761,-0.011396094225347042,-0.0484258197247982,0.07058438658714294,0.043395381420850754,0.21167674660682678,8,1
207,CEVAE,0.2481923433993875,0.4930639912828173,158.70879530906677,-0.026363996788859367,-0.02902858704328537,0.057030778378248215,0.030884722247719765,,8,1
208,M3E2,0.24718898999301464,0.38142857142857145,82.45067930221558,-0.1141064241528511,-0.10469599813222885,0.11173798143863678,0.10899371653795242,0.21020613610744476,8,1
209,TrueTreat,0.0,0.0,0.0,-0.022801179154954943,-0.2728206833180276,0.4867425772556366,0.3465873830592348,0.5741228935505409,8,1
210,DA,0.2519130288745054,0.15485074626865672,49.34608840942383,-0.028499516629344947,-0.0515312052895289,0.1479425663676531,0.07788151420006627,0.14905144442805457,8,2
211,Dragonnet,0.2408498434236434,0.47701827738872293,89.21467995643616,-0.023842863738536835,0.011677836999297142,0.1549290269613266,0.12323912978172302,0.21057568490505219,8,2
212,CEVAE,0.2807148920258668,0.4974202538908387,173.45418453216553,-0.053191136568784714,-0.02465808019042015,0.0798950046300888,0.07599573582410812,0.12654021382331848,8,2
213,M3E2,0.2568819472452787,0.34167893961708395,82.32678246498108,-0.1849631667137146,-0.2115212380886078,0.09669801592826843,0.05154320225119591,0.19826333224773407,8,2
214,TrueTreat,0.0,0.0,0.0,-0.022801179154954943,-0.2728206833180276,0.4867425772556366,0.3465873830592348,0.5741228935505409,8,2
215,DA,0.27160594673198524,0.2647058823529412,48.631407260894775,0.004414596038384444,-0.017744673598442076,0.11511557560205132,0.06472045245945098,0.15187887705690867,8,3
216,Dragonnet,0.2811533621194718,0.4580969240082974,78.41954135894775,-0.01315999310463667,-0.028482520952820778,0.06391102075576782,0.06963305920362473,0.12212131172418594,8,3
217,CEVAE,0.28316944966820745,0.48535017566102745,175.73559856414795,-0.02448693849146366,-0.06489337980747223,0.05012969672679901,0.03327212855219841,0.11781684309244156,8,3
218,M3E2,0.2624751584490922,0.39127272727272727,82.80808234214783,-0.14347335696220398,-0.1451367884874344,0.10187583416700363,0.044649913907051086,0.1969073861837387,8,3
219,TrueTreat,0.0,0.0,0.0,-0.022801179154954943,-0.2728206833180276,0.4867425772556366,0.3465873830592348,0.5741228935505409,8,3
220,DA,0.26341173468137385,0.25234441602728047,47.92382287979126,-0.032273732862469255,-0.06918655796472029,0.12150152614837753,0.04082612088172825,0.14117321248925888,8,4
221,Dragonnet,0.24517479500530034,0.4751955416852261,77.33232927322388,-0.03660442307591438,-0.075641930103302,0.1540909707546234,0.01368860062211752,0.22478130459785461,8,4
222,CEVAE,0.28156719299761324,0.47821206394978705,175.28896307945251,-0.0600452795624733,-0.06997954845428467,0.06812262535095215,0.04653223231434822,0.12504726648330688,8,4
223,M3E2,0.22003691064921888,0.32669322709163345,83.10915637016296,-0.14140750467777252,-0.18017955124378204,0.20010517537593842,0.11274679750204086,0.2056637853384018,8,4
224,TrueTreat,0.0,0.0,0.0,-0.022801179154954943,-0.2728206833180276,0.4867425772556366,0.3465873830592348,0.5741228935505409,8,4
225,DA,0.24553387277650424,0.17106460418562328,48.334534645080566,-0.03764806800606189,-0.0663388472752675,0.16028730204091418,0.09009072330010813,0.15073418953573603,8,5
226,Dragonnet,0.24693786370364695,0.4895777459833777,79.00106501579285,-0.08273501694202423,-0.03912854194641113,0.17698127031326294,0.09883414953947067,0.19057409465312958,8,5
227,CEVAE,0.28159788275686476,0.5018891558547977,178.46494030952454,-0.006414751522243023,-0.03565376251935959,0.09823130816221237,0.0507596917450428,0.10402578860521317,8,5
228,M3E2,0.2113777773341325,0.30162412993039445,82.32519698143005,-0.10640620440244675,-0.19399531185626984,0.2045994997024536,0.1352018415927887,0.17319302260875702,8,5
229,TrueTreat,0.0,0.0,0.0,-0.022801179154954943,-0.2728206833180276,0.4867425772556366,0.3465873830592348,0.5741228935505409,8,5
230,DA,0.2675730687346509,0.17183348095659876,47.64068007469177,-0.01074162741836746,-0.04380067089686923,0.1435583701406703,0.05943401540245822,0.107674688806775,8,6
231,Dragonnet,0.27282660136727366,0.5020578490530481,77.93925142288208,-0.07123973220586777,-0.019027167931199074,0.11516541242599487,0.07871028035879135,0.1516762226819992,8,6
232,CEVAE,0.2858777360877183,0.5083879380439609,173.86755108833313,-0.03524300828576088,-0.03581273928284645,0.0793163999915123,0.06343983113765717,0.0847577154636383,8,6
233,M3E2,0.22685071396438153,0.2896,83.31409668922424,-0.09829059988260269,-0.14360833168029785,0.18790245056152344,0.1130475401878357,0.176951065659523,8,6
234,TrueTreat,0.0,0.0,0.0,-0.022801179154954943,-0.2728206833180276,0.4867425772556366,0.3465873830592348,0.5741228935505409,8,6
235,DA,0.27033000810088226,0.30117647058823527,48.564188957214355,0.012084846432038589,-0.07026968287254168,0.15323841191389576,0.05353420814907887,0.0864672193305058,8,7
236,Dragonnet,0.23879741697189782,0.4698565850410411,77.4190526008606,-0.0022459644824266434,-0.06312990933656693,0.17957712709903717,0.09554560482501984,0.1685890257358551,8,7
237,CEVAE,0.29856794631657574,0.49561236134678566,174.14533257484436,-0.017743339762091637,-0.022640829905867577,0.07467849552631378,0.038533151149749756,0.0566391684114933,8,7
238,M3E2,0.2170297341307786,0.35658914728682173,82.55575203895569,-0.04629901796579361,-0.1322881430387497,0.2299591302871704,0.10096701979637146,0.15540841221809387,8,7
239,TrueTreat,0.0,0.0,0.0,-0.022801179154954943,-0.2728206833180276,0.4867425772556366,0.3465873830592348,0.5741228935505409,8,7
240,DA,0.262310732914971,0.2569558101472995,48.47323274612427,-0.053231630655582396,-0.07566472561109483,0.11526164096266847,0.06667022486882904,0.14155373266662008,8,8
241,Dragonnet,0.24085989909974606,0.4944508657448954,78.81927347183228,-0.05266546830534935,-0.01810859516263008,0.11764023452997208,0.12337356805801392,0.24671593308448792,8,8
242,CEVAE,0.27804091143218546,0.4946009941398687,172.94453620910645,-0.03900851681828499,-0.051998499780893326,0.08445575088262558,0.06386134773492813,0.10596071928739548,8,8
243,M3E2,0.2459715576728967,0.3079340141398272,83.24697923660278,-0.16430485248565674,-0.17468097805976868,0.1173359677195549,0.09635435789823532,0.2035481184720993,8,8
244,TrueTreat,0.0,0.0,0.0,-0.022801179154954943,-0.2728206833180276,0.4867425772556366,0.3465873830592348,0.5741228935505409,8,8
245,DA,0.2504420977475328,0.22583404619332767,48.90289378166199,-0.03505632432790945,-0.04006845762283108,0.13191606983664594,0.09982515354766862,0.16850851261158478,8,9
246,Dragonnet,0.2581479302289841,0.4982854041494531,77.55680871009827,-0.014811146073043346,-0.013306273147463799,0.10128144174814224,0.06197148934006691,0.220964714884758,8,9
247,CEVAE,0.2807153545206574,0.5083838221227485,173.08899855613708,-0.0382535457611084,-0.010461506433784962,0.06774264574050903,0.08657222241163254,0.12737275660037994,8,9
248,M3E2,0.25826985630003485,0.33671988388969526,82.08736562728882,-0.18102575838565826,-0.1589796096086502,0.051586221903562546,0.11898855865001678,0.2175944447517395,8,9
249,TrueTreat,0.0,0.0,0.0,-0.022801179154954943,-0.2728206833180276,0.4867425772556366,0.3465873830592348,0.5741228935505409,8,9
250,DA,0.2769678338053582,0.2713487629688747,47.22374510765076,0.01084722753787633,-0.018761317344139595,0.12360633878011491,0.04696193509724871,0.13975318362797678,8,10
251,Dragonnet,0.27159846673337196,0.4806314035526256,78.21661925315857,0.010244929231703281,-0.011063171550631523,0.14458325505256653,0.01722412370145321,0.18245676159858704,8,10
252,CEVAE,0.35610441563983414,0.4905013192612137,154.38443326950073,,-0.0034598945640027523,0.09710981696844101,0.058451905846595764,0.09683425724506378,8,10
253,M3E2,0.21795810180512937,0.3455252918287938,82.43988847732544,-0.05183549225330353,-0.11315692961215973,0.17215697467327118,0.12472628057003021,0.20947715640068054,8,10
254,TrueTreat,0.0,0.0,0.0,-0.022801179154954943,-0.2728206833180276,0.4867425772556366,0.3465873830592348,0.5741228935505409,8,10
255,DA,0.26929827261796757,0.27330173775671407,49.33027911186218,-0.00771685601097602,-0.03656309547590242,0.1154376375004004,0.06838280622315579,0.12848295803812235,8,11
256,Dragonnet,0.24593439939228565,0.4812492389511599,77.06003665924072,-0.02888702228665352,-0.12577541172504425,0.10462714731693268,0.13650400936603546,0.08978081494569778,8,11
257,CEVAE,0.28813828757581683,0.49511004953365695,177.77051305770874,0.027640677988529205,-0.02190571278333664,0.07301943749189377,0.04943634942173958,0.14566245675086975,8,11
258,M3E2,0.24125756340829402,0.3705293276108727,83.63895416259766,-0.16521306335926056,-0.21017849445343018,0.12505465745925903,0.06564430892467499,0.21552014350891113,8,11
259,TrueTreat,0.0,0.0,0.0,-0.022801179154954943,-0.2728206833180276,0.4867425772556366,0.3465873830592348,0.5741228935505409,8,11
260,DA,0.2588104067790599,0.3247988295537674,48.51621150970459,-0.020276452338259875,-0.0339301738019608,0.12854186829436717,0.05691313493538226,0.16936105307312502,8,12
261,Dragonnet,0.2660270431896833,0.47748749377238947,87.32168078422546,-0.0607096329331398,0.03537527844309807,0.12490344792604446,0.07666993886232376,0.22184866666793823,8,12
262,CEVAE,0.2758454965314058,0.4956260092272233,172.1460816860199,-0.032166335731744766,-0.03219801187515259,0.06101946160197258,0.07408745586872101,0.14310628175735474,8,12
263,M3E2,0.18875060546008618,0.4,82.52845287322998,-0.17321085929870605,-0.10769786685705185,0.4456656575202942,0.10321912169456482,0.23034754395484924,8,12
264,TrueTreat,0.0,0.0,0.0,-0.022801179154954943,-0.2728206833180276,0.4867425772556366,0.3465873830592348,0.5741228935505409,8,12
265,DA,0.2558816084782919,0.2514767932489451,48.21236062049866,-0.006314570211768019,-0.024707129515390718,0.16119176111221045,0.06910812863363967,0.16234508447392654,8,13
266,Dragonnet,0.2635314059126136,0.4780627460848185,78.34771823883057,-0.0176857877522707,-0.04802965745329857,0.10491961240768433,0.05227715149521828,0.16250547766685486,8,13
267,CEVAE,0.27878195884434254,0.4984634007182451,170.99572491645813,-0.02942638099193573,-0.020911511033773422,0.07654696702957153,0.056011997163295746,0.13951846957206726,8,13
268,M3E2,0.21758656966296702,0.3239543726235742,82.63458704948425,-0.0881355032324791,-0.0777256190776825,0.2290564477443695,0.13843987882137299,0.21245306730270386,8,13
269,TrueTreat,0.0,0.0,0.0,-0.022801179154954943,-0.2728206833180276,0.4867425772556366,0.3465873830592348,0.5741228935505409,8,13
270,DA,0.25122311794196506,0.28287841191067,48.96768665313721,-0.00953037027058831,-0.04516838338991529,0.15414544208540956,0.09748136946296651,0.14063356141969,8,14
271,Dragonnet,0.2400117868444112,0.49032303258050536,77.42505431175232,-0.054836198687553406,-0.03560479357838631,0.16240063309669495,0.15117010474205017,0.1630740910768509,8,14
272,CEVAE,0.27628718483058484,0.4965401858458355,172.0421667098999,-0.035409532487392426,-0.01898091286420822,0.10631618648767471,0.06317853927612305,0.1229703277349472,8,14
273,M3E2,0.20308152603713542,0.3802228412256268,83.04846501350403,-0.08543920516967773,-0.10038717091083527,0.24182657897472382,0.12104318290948868,0.26424700021743774,8,14
274,TrueTreat,0.0,0.0,0.0,-0.022801179154954943,-0.2728206833180276,0.4867425772556366,0.3465873830592348,0.5741228935505409,8,14
275,DA,0.2589949142113913,0.24737267582861758,48.002678632736206,-0.015785863650135755,-0.0569361768726092,0.13037685436095234,0.06780557925647133,0.13719567114126985,8,15
276,Dragonnet,0.23577235980508301,0.48514548159653925,77.83752059936523,0.029729856178164482,-0.05122525617480278,0.2208475023508072,0.09462565928697586,0.18724435567855835,8,15
277,CEVAE,0.29649259587942184,0.5065485376662107,170.9893410205841,-0.062217358499765396,,0.0768551230430603,0.06253839284181595,0.12150513380765915,8,15
278,M3E2,0.22391330915299923,0.24446267432321578,83.13274264335632,-0.11237197369337082,-0.15334740281105042,0.1692991703748703,0.11702395230531693,0.21060726046562195,8,15
279,TrueTreat,0.0,0.0,0.0,-0.022801179154954943,-0.2728206833180276,0.4867425772556366,0.3465873830592348,0.5741228935505409,8,15
280,DA,0.266468228754143,0.2866043613707165,47.57554531097412,0.03796304869847398,-0.059822219150265026,0.13175429902769098,0.05732931361864746,0.15979078946955055,8,16
281,Dragonnet,0.2690955690721927,0.5059772941322154,76.78346800804138,-0.003877263981848955,-0.023098237812519073,0.1347891092300415,0.035967640578746796,0.1598646193742752,8,16
282,CEVAE,0.27897626260844444,0.49507288056031024,171.31170320510864,0.012666669674217701,-0.03287184610962868,0.09906872361898422,0.04402432218194008,0.14489518105983734,8,16
283,M3E2,0.23086098733869118,0.3577118030412745,82.61832809448242,-0.1263004094362259,-0.29216697812080383,0.15809324383735657,0.0051376488991081715,0.21276254951953888,8,16
284,TrueTreat,0.0,0.0,0.0,-0.022801179154954943,-0.2728206833180276,0.4867425772556366,0.3465873830592348,0.5741228935505409,8,16
285,DA,0.26681785486336074,0.3161993769470405,48.52245283126831,-0.026689553622470476,-0.007948707991086133,0.10927250408068186,0.05868803984046322,0.1741633854219204,8,17
286,Dragonnet,0.2498083451649335,0.48928816339971953,77.7691707611084,-0.047839485108852386,0.018091049045324326,0.08249600231647491,0.11098754405975342,0.28087761998176575,8,17
287,CEVAE,0.24683486628768928,0.48322080148693936,159.91979098320007,-0.024494117125868797,0.019558178260922432,,0.05818753316998482,0.1692550778388977,8,17
288,M3E2,0.24560331794230014,0.27551867219917014,82.6852035522461,-0.08190571516752243,-0.07521218806505203,0.13031266629695892,0.05558342859148979,0.25025320053100586,8,17
289,TrueTreat,0.0,0.0,0.0,-0.022801179154954943,-0.2728206833180276,0.4867425772556366,0.3465873830592348,0.5741228935505409,8,17
290,DA,0.26610091570031225,0.2216494845360825,47.34139704704285,-0.013118869024227622,-0.04754461325309659,0.14362286796819712,0.03931456902786696,0.1289692185634452,8,18
291,Dragonnet,0.2444982011484859,0.4960469203493706,78.39232587814331,-0.019602004438638687,-0.01873946376144886,0.1716555655002594,0.07870864123106003,0.1918780356645584,8,18
292,CEVAE,0.2964948960727957,0.49766748025961743,172.73284482955933,0.0034901185426861048,-0.022840028628706932,0.04339287057518959,0.047386519610881805,0.11047093570232391,8,18
293,M3E2,0.248488219257274,0.3683828861493837,82.11865234375,-0.1530698835849762,-0.19313479959964752,0.1705598682165146,0.01700485497713089,0.18740162253379822,8,18
294,TrueTreat,0.0,0.0,0.0,-0.022801179154954943,-0.2728206833180276,0.4867425772556366,0.3465873830592348,0.5741228935505409,8,18
295,DA,0.25622908702471037,0.2345890410958904,48.52356147766113,-0.0404187495156291,-0.040672034964644686,0.15171389605646202,0.07412129940207074,0.15023844199738492,8,19
296,Dragonnet,0.24172502810863525,0.4851964057897944,88.09729075431824,-0.05707413703203201,-0.018107956275343895,0.14825104176998138,0.13237307965755463,0.20718927681446075,8,19
297,CEVAE,0.28592297228781255,0.48717029453309796,171.16356444358826,-0.03487181290984154,-0.03139803186058998,0.06306828558444977,0.05894549563527107,0.10931749641895294,8,19
298,M3E2,0.26110462414828806,0.34959941733430444,82.28202795982361,-0.17021676898002625,-0.1330583393573761,0.11169944703578949,0.047738008201122284,0.2296702116727829,8,19
299,TrueTreat,0.0,0.0,0.0,-0.022801179154954943,-0.2728206833180276,0.4867425772556366,0.3465873830592348,0.5741228935505409,8,19
300,DA,0.07155129783746841,0.270849273144606,47.78402853012085,-0.020310266561988418,0.039573387746342344,0.06246577136286079,0.016757742537916415,0.01976749206949102,9,0
301,Dragonnet,0.0829482421943574,0.49166392315268015,79.54944562911987,-0.03377365320920944,0.038114674389362335,0.0494840145111084,0.03596626967191696,0.009895154275000095,9,0
302,CEVAE,0.08335330280068423,0.49480509450674826,162.38333559036255,-0.015329860150814056,0.023265430703759193,0.02769290655851364,-0.014695544727146626,,9,0
303,M3E2,0.06485223437401691,0.3720930232558139,82.70784187316895,0.11742332577705383,-0.05601754039525986,0.24498078227043152,0.022095954045653343,0.06934427469968796,9,0
304,TrueTreat,0.0,0.0,0.0,-0.0002771386780527433,0.0723860173125497,0.27901657576610356,0.0032206891864485737,0.09459036605197953,9,0
305,DA,0.06433046888339104,0.27910447761194035,47.61328625679016,0.0005406345313687154,0.04860744235626048,0.08235702126667283,0.02571804796126101,0.016691283074978178,9,1
306,Dragonnet,0.06066851014643985,0.48508683243085154,77.56264996528625,-0.03181256726384163,0.04518062248826027,0.04795348644256592,-0.0021835388615727425,0.08645595610141754,9,1
307,CEVAE,0.08372977564784921,0.5001489416763991,172.8070034980774,0.02876180410385132,0.03538550063967705,0.034562841057777405,0.026052501052618027,0.00926649384200573,9,1
308,M3E2,0.10312276533246119,0.29694323144104806,82.90184688568115,-0.02694416604936123,-0.02327040769159794,0.03165297955274582,-0.07038918882608414,0.022273465991020203,9,1
309,TrueTreat,0.0,0.0,0.0,-0.0002771386780527433,0.0723860173125497,0.27901657576610356,0.0032206891864485737,0.09459036605197953,9,1
310,DA,0.07377516434006748,0.38151041666666663,48.07182335853577,0.06319396861047447,0.10649118356502178,0.1023715322864522,-0.020705913987472773,0.023862464546214178,9,2
311,Dragonnet,0.059482425633222855,0.47847273382994154,78.01550006866455,0.031268585473299026,0.08304563164710999,0.11036767065525055,-0.0522557869553566,0.06350895762443542,9,2
312,CEVAE,0.08064710618915982,0.47934305675032113,170.4889256954193,0.07211095839738846,0.06339431554079056,0.046506792306900024,-0.0063226353377103806,0.01478774193674326,9,2
313,M3E2,0.09150727986857396,0.4353665360940123,82.76556897163391,0.08434195816516876,0.11215303838253021,0.11085733771324158,-0.07831724733114243,0.011137259192764759,9,2
314,TrueTreat,0.0,0.0,0.0,-0.0002771386780527433,0.0723860173125497,0.27901657576610356,0.0032206891864485737,0.09459036605197953,9,2
315,DA,0.07428793114439916,0.35094585779517284,48.15117907524109,0.01964285522528011,0.061160723848107175,0.06556084044034365,0.021402891665255344,-0.014066064497674264,9,3
316,Dragonnet,0.0713223156518025,0.4856891342934837,77.17674088478088,0.010586687363684177,0.05032501369714737,0.029444729909300804,-0.02894211746752262,0.05263826996088028,9,3
317,CEVAE,0.08436317707154192,0.5090554360498636,170.80435991287231,0.025203026831150055,0.046314142644405365,0.0441754050552845,0.022511478513479233,-0.021541519090533257,9,3
318,M3E2,0.09044608613464064,0.4305472038484667,81.90464973449707,0.012968264520168304,0.04883425310254097,0.033627793192863464,-0.02766171656548977,-0.044571708887815475,9,3
319,TrueTreat,0.0,0.0,0.0,-0.0002771386780527433,0.0723860173125497,0.27901657576610356,0.0032206891864485737,0.09459036605197953,9,3
320,DA,0.06750985132840241,0.33972602739726027,48.36005258560181,0.010192934980467905,0.06334522508569644,0.06521080967013441,0.032937341011996295,0.020074393216858222,9,4
321,Dragonnet,0.07880017081228248,0.4757723173288871,77.43683004379272,-0.010307097807526588,0.10127103328704834,0.061535660177469254,-0.03810228034853935,-0.0016916277818381786,9,4
322,CEVAE,0.06922404642343807,0.48537494480576926,171.38315606117249,-0.009482147172093391,0.05649489536881447,0.03111802600324154,0.024157583713531494,0.04240170866250992,9,4
323,M3E2,0.06214011241843111,0.5276807980049876,82.43744421005249,0.007033073343336582,0.13997423648834229,0.09016817808151245,0.032206013798713684,0.1125587746500969,9,4
324,TrueTreat,0.0,0.0,0.0,-0.0002771386780527433,0.0723860173125497,0.27901657576610356,0.0032206891864485737,0.09459036605197953,9,4
325,DA,0.07227024191561884,0.4520627542126671,49.39724898338318,0.04562548747568974,0.05730943158598627,0.08272754951272578,0.02288857556089435,0.010175280982014805,9,5
326,Dragonnet,0.07885088260726295,0.5072332366267751,77.9840795993805,0.039929039776325226,0.0007961225346662104,0.035298097878694534,0.0075324163772165775,0.06016223132610321,9,5
327,CEVAE,0.08865351958873904,0.4910202059067714,172.52579545974731,0.04320288822054863,0.044286105781793594,0.023662589490413666,0.005407213233411312,-0.019556783139705658,9,5
328,M3E2,0.08738271586850596,0.5386847195357833,82.65631103515625,0.11711287498474121,0.11477915942668915,0.0572235994040966,0.03289172053337097,0.0689239501953125,9,5
329,TrueTreat,0.0,0.0,0.0,-0.0002771386780527433,0.0723860173125497,0.27901657576610356,0.0032206891864485737,0.09459036605197953,9,5
330,DA,0.062474551906075315,0.4167650531286895,48.73251032829285,0.023334061417078153,0.06413736282899339,0.04720358269617966,0.008889195739116887,0.05155896072288236,9,6
331,Dragonnet,0.0749573223957448,0.47674301495893434,77.42802619934082,-0.03541427105665207,0.009717469103634357,0.07194916903972626,0.04115608334541321,0.06261223554611206,9,6
332,CEVAE,0.07135756257909365,0.4969634071218346,170.24663400650024,0.005536350887268782,0.04373803362250328,0.03083214908838272,-0.017008259892463684,0.040677402168512344,9,6
333,M3E2,0.06896552881213851,0.4992232004142931,82.6117959022522,0.04925130680203438,0.071009062230587,0.025474434718489647,-0.012734375894069672,0.07016532868146896,9,6
334,TrueTreat,0.0,0.0,0.0,-0.0002771386780527433,0.0723860173125497,0.27901657576610356,0.0032206891864485737,0.09459036605197953,9,6
335,DA,0.07523901664489326,0.18958155422715628,48.086421489715576,0.03661286897632228,0.0656482302845985,0.0723402946614006,0.028827470618784417,-0.005693859953121695,9,7
336,Dragonnet,0.059515410195915164,0.49781616043870036,88.19482398033142,0.05899509787559509,0.02764342911541462,0.14119265973567963,-0.014013746753334999,0.05608649179339409,9,7
337,CEVAE,0.023460432990311447,0.5035796899877705,143.28248262405396,0.025789374485611916,0.05201351270079613,,-0.020721592009067535,,9,7
338,M3E2,0.0885165368671251,0.47327394209354123,82.56991481781006,0.010656733997166157,0.04564094915986061,0.05756831541657448,0.002337727462872863,-0.08798215538263321,9,7
339,TrueTreat,0.0,0.0,0.0,-0.0002771386780527433,0.0723860173125497,0.27901657576610356,0.0032206891864485737,0.09459036605197953,9,7
340,DA,0.07138213369369595,0.19365337672904803,48.2837028503418,0.0401574489680148,0.09741988134625519,0.08570878396684682,0.04681107310110539,0.040046324977186305,9,8
341,Dragonnet,0.06085048385218096,0.4957573051420801,78.6094183921814,0.09933818876743317,0.1111915335059166,0.15797370672225952,0.04311126470565796,0.08969223499298096,9,8
342,CEVAE,0.0719958301887218,0.5084027061209735,170.3308663368225,0.013586325570940971,0.03413160517811775,0.06144105643033981,0.02083626575767994,0.021920187398791313,9,8
343,M3E2,0.09332270838573885,0.4599774520856821,82.6246407032013,0.08659128099679947,0.1504576951265335,0.12073646485805511,0.08212649822235107,0.030102841556072235,9,8
344,TrueTreat,0.0,0.0,0.0,-0.0002771386780527433,0.0723860173125497,0.27901657576610356,0.0032206891864485737,0.09459036605197953,9,8
345,DA,0.05974688407207247,0.20441537203597707,48.400203704833984,0.04273384438733432,0.08014752687582595,0.1145530663685789,0.020855084929101105,0.02872634346045765,9,9
346,Dragonnet,0.08102084875360441,0.4888839085106792,79.43756914138794,0.015079861506819725,0.13783659040927887,0.14231166243553162,0.11104517430067062,0.014823094010353088,9,9
347,CEVAE,0.07854831998910047,0.5046177544760548,170.57829809188843,0.02600708417594433,0.01839868165552616,0.06015300378203392,0.004836571868509054,0.0025997792836278677,9,9
348,M3E2,0.04645583908572894,0.2484076433121019,82.78445053100586,0.07454578578472137,0.07994934171438217,0.1825827956199646,-0.007894722744822502,0.052246611565351486,9,9
349,TrueTreat,0.0,0.0,0.0,-0.0002771386780527433,0.0723860173125497,0.27901657576610356,0.0032206891864485737,0.09459036605197953,9,9
350,DA,0.062321291073370734,0.2986627043090639,48.39795899391174,0.011245781076245232,0.06580194832323392,0.047043961584151334,0.007990260528788332,0.03783308495303159,9,10
351,Dragonnet,0.06715068453910775,0.48911885957830953,88.946209192276,0.05490364134311676,0.05769200250506401,0.05457855761051178,-0.015214546583592892,0.07158499211072922,9,10
352,CEVAE,0.07542591101616908,0.5033005643051611,172.76320362091064,-0.010157639160752296,0.03111417219042778,0.040548596531152725,0.00987622793763876,0.013736674562096596,9,10
353,M3E2,0.12415747034490396,0.4100313479623825,82.44475269317627,-0.02309497259557247,-0.00722089409828186,0.022250283509492874,0.21099255979061127,0.040765922516584396,9,10
354,TrueTreat,0.0,0.0,0.0,-0.0002771386780527433,0.0723860173125497,0.27901657576610356,0.0032206891864485737,0.09459036605197953,9,10
355,DA,0.0612263249429235,0.34954193093727975,47.50629138946533,0.026121994428140942,0.07694969080480789,0.0630751972631872,-0.022108987820906964,0.06069260344608579,9,11
356,Dragonnet,0.0661345749373765,0.478591420079382,78.60492992401123,0.03645418584346771,0.08833205699920654,0.046141691505908966,0.035528164356946945,0.08177721500396729,9,11
357,CEVAE,0.07208187824022103,0.4986495683918252,172.5037784576416,-0.00172231940086931,0.03794107213616371,0.013016442768275738,-0.012144728563725948,0.0514366514980793,9,11
358,M3E2,0.07452236090262329,0.4608648056923919,83.13213658332825,0.013018542900681496,0.08620764315128326,0.03151959925889969,-0.09142834693193436,0.09793885052204132,9,11
359,TrueTreat,0.0,0.0,0.0,-0.0002771386780527433,0.0723860173125497,0.27901657576610356,0.0032206891864485737,0.09459036605197953,9,11
360,DA,0.06871388807245869,0.3805774278215223,49.08639740943909,0.028134332457003645,0.04731179034061304,0.1132733626421735,0.018914937577637465,-0.014055914688201967,9,12
361,Dragonnet,0.07883374679029274,0.49418866066121747,78.51200938224792,-0.05211961269378662,0.04359700530767441,0.08735184371471405,0.018644312396645546,-0.01185852661728859,9,12
362,CEVAE,0.08838316574108072,0.4947713779509082,167.21612548828125,0.005195511970669031,,0.06344598531723022,0.016758255660533905,-0.024361489340662956,9,12
363,M3E2,0.08305461382865983,0.3511659807956104,83.13869714736938,-0.023166675120592117,0.024898745119571686,0.11998889595270157,-0.056252703070640564,-0.03180482238531113,9,12
364,TrueTreat,0.0,0.0,0.0,-0.0002771386780527433,0.0723860173125497,0.27901657576610356,0.0032206891864485737,0.09459036605197953,9,12
365,DA,0.05778971401605394,0.34092477570738444,48.74890947341919,-0.005018793746482524,0.05463934104923716,0.0783235210915183,0.008031699883959506,0.03363419267554837,9,13
366,Dragonnet,0.07222554520145136,0.5006791497673744,77.61967420578003,-0.005795700941234827,0.03610656410455704,0.07545281201601028,-0.031125487759709358,0.013170596212148666,9,13
367,CEVAE,0.08031500731036144,0.49523641867623097,173.8386561870575,-0.0007147039286792278,0.007858425378799438,0.040850214660167694,-0.016720682382583618,0.016088219359517097,9,13
368,M3E2,0.048182772416148115,0.4069767441860465,83.89985036849976,-0.04660490155220032,0.07505843043327332,0.14662326872348785,-0.006894718389958143,0.0451853945851326,9,13
369,TrueTreat,0.0,0.0,0.0,-0.0002771386780527433,0.0723860173125497,0.27901657576610356,0.0032206891864485737,0.09459036605197953,9,13
370,DA,0.06950012157572627,0.4216867469879518,48.350889444351196,0.013789423429436851,0.06816696524719769,0.07511194900736629,-0.014839278976730954,-0.012660032731893416,9,14
371,Dragonnet,0.08681332882866341,0.4966400794514608,77.81743240356445,-0.031260933727025986,0.04242733493447304,0.0601494275033474,-0.006168640684336424,-0.05027732253074646,9,14
372,CEVAE,0.10739662620194211,0.4903459455255557,156.94788932800293,0.021295567974448204,,0.029682962223887444,-0.03339994698762894,-0.027469182386994362,9,14
373,M3E2,0.09105604234650831,0.4643057897695334,83.7484860420227,0.033128634095191956,0.1100078672170639,0.1257311850786209,-0.09967552125453949,-0.03348062187433243,9,14
374,TrueTreat,0.0,0.0,0.0,-0.0002771386780527433,0.0723860173125497,0.27901657576610356,0.0032206891864485737,0.09459036605197953,9,14
375,DA,0.06687521950039857,0.34657534246575344,48.936522483825684,0.04712072764917028,0.05248646270860188,0.08103995255186625,0.013282709101497368,0.03555033261044366,9,15
376,Dragonnet,0.07355272124975001,0.49139521903107486,78.29618644714355,0.05825617164373398,0.00031341996509581804,0.09589240700006485,-0.03757035732269287,0.08134788274765015,9,15
377,CEVAE,0.07550250301125475,0.5031583398407083,177.24679446220398,0.007478137034922838,0.04807918891310692,0.04302769899368286,-0.017876608297228813,0.006226129364222288,9,15
378,M3E2,0.07782503349578021,0.4186915887850467,83.68182039260864,0.0003618636110331863,0.04955374449491501,0.0652998760342598,-0.04688923805952072,-0.007236899342387915,9,15
379,TrueTreat,0.0,0.0,0.0,-0.0002771386780527433,0.0723860173125497,0.27901657576610356,0.0032206891864485737,0.09459036605197953,9,15
380,DA,0.058860258493209305,0.3729263437292635,48.38776230812073,0.014670463174903775,0.07170887956262559,0.09032107089182732,-0.009685399714129789,0.017515406963668226,9,16
381,Dragonnet,0.0682079496795785,0.5034346389814719,77.86128234863281,-0.00033152734977193177,0.011871155351400375,0.10470156371593475,-0.06758935749530792,0.059244927018880844,9,16
382,CEVAE,0.073030397321314,0.4969314171659175,178.40395331382751,0.00902633834630251,0.049966998398303986,0.03281545266509056,0.012129568494856358,0.016270877793431282,9,16
383,M3E2,0.08917157411527983,0.4154886293792256,82.99865245819092,-0.02147751674056053,0.08036141842603683,0.01939075067639351,-0.06331992894411087,0.0040747178718447685,9,16
384,TrueTreat,0.0,0.0,0.0,-0.0002771386780527433,0.0723860173125497,0.27901657576610356,0.0032206891864485737,0.09459036605197953,9,16
385,DA,0.0698230947544521,0.42687277051129613,48.56919288635254,0.04331186674521604,0.06175200114212997,0.1011034019567638,0.03723696210652634,0.011627360602825048,9,17
386,Dragonnet,0.0611288002014462,0.5010798062121808,78.70000696182251,0.06747777760028839,0.05961652845144272,0.07871256023645401,0.008038717322051525,0.07459281384944916,9,17
387,CEVAE,0.033347789316908585,0.49374963059927257,171.55463075637817,0.02015039511024952,0.03499438241124153,,-0.025904547423124313,0.04814361408352852,9,17
388,M3E2,0.05071139288634162,0.4343131373725255,83.50375032424927,0.006535439286381006,0.10041666030883789,0.14611323177814484,-0.019436175003647804,0.03143683075904846,9,17
389,TrueTreat,0.0,0.0,0.0,-0.0002771386780527433,0.0723860173125497,0.27901657576610356,0.0032206891864485737,0.09459036605197953,9,17
390,DA,0.0692148648932242,0.1750841750841751,49.05693769454956,0.02450139877454711,0.0520550349772674,0.08122732251077974,0.005620193003072138,-0.006185681554311941,9,18
391,Dragonnet,0.07061954460990778,0.48977089284531805,77.15686202049255,-0.07958374172449112,0.08227601647377014,0.10381592810153961,-0.009948412887752056,0.019058994948863983,9,18
392,CEVAE,0.06921801038759985,0.506357878592559,174.24467611312866,0.005449176765978336,0.039892856031656265,0.06495136022567749,0.005444013047963381,0.0030083302408456802,9,18
393,M3E2,0.11787634747475462,0.2962962962962963,82.68163657188416,-0.009859583340585232,0.018009044229984283,0.03253725543618202,-0.08760885149240494,-0.09352309256792068,9,18
394,TrueTreat,0.0,0.0,0.0,-0.0002771386780527433,0.0723860173125497,0.27901657576610356,0.0032206891864485737,0.09459036605197953,9,18
395,DA,0.06211551635786091,0.22583265637692937,48.24523162841797,0.0247614355654341,0.09617216085874253,0.12967074540024867,-0.01651510528325453,0.001919126887912657,9,19
396,Dragonnet,0.045528114582748226,0.489883276760093,87.32739281654358,0.0754271075129509,0.09785820543766022,0.21983256936073303,-0.010223916731774807,0.04075483977794647,9,19
397,CEVAE,0.11194024155167337,0.49030005749092287,157.16218781471252,,0.06935394555330276,0.08647190779447556,,-0.04565361887216568,9,19
398,M3E2,0.07852459702593438,0.3386880856760375,83.59340333938599,-0.015630880370736122,0.11425482481718063,0.19522415101528168,-0.11852014809846878,-0.035276807844638824,9,19
399,TrueTreat,0.0,0.0,0.0,-0.0002771386780527433,0.0723860173125497,0.27901657576610356,0.0032206891864485737,0.09459036605197953,9,19
