,Method,MAE,F1_Test,Time(s),T0,T1,T2,T3,T4,T5,T6,T7,T8,seed_data,seed_models
0,DA,0.20132533875199615,0.051948051948051945,323.94339966773987,-0.13159540483738322,-0.01615878975972804,-0.042034617419034984,-0.16051081010261406,-0.12294319817008023,0.05665708206044284,-0.05819486371948915,-0.023034624106348062,-0.018652919409063065,0,0
1,Dragonnet,0.1925840840190749,0.42799992431992745,353.3282492160797,-0.11078087240457535,-0.04311191290616989,-0.07204390317201614,-0.1475909799337387,-0.12044470012187958,0.02950071357190609,-0.10565823316574097,0.00454943161457777,-0.008602231740951538,0,0
2,CEVAE,0.18841011869455157,0.4575149400500391,701.8323066234589,-0.09020302444696426,-0.034555792808532715,-0.0693778470158577,,-0.10716278851032257,0.007137656211853027,-0.05922248214483261,-0.029455125331878662,-0.047373443841934204,0,0
3,M3E2,0.18574987549532634,0.6212121212121212,284.6929757595062,-0.20260560512542725,-0.25659647583961487,-0.25591033697128296,-0.22091200947761536,-0.33479177951812744,0.025519544258713722,-0.2702580690383911,-0.24425409734249115,-0.23471537232398987,0,0
4,TrueTreat,0.0,0.0,0.0,-0.441013086491916,-0.10003930209180582,-0.2446844960264348,-0.5602232998003644,-0.46688949753749187,0.24431946996910275,-0.23752210438139734,0.03783930207442447,0.02580471294838946,0,0
5,DA,0.20424535203591324,0.07726597325408618,212.98741960525513,-0.14392021089892684,0.028716953868841016,-0.03817612991261356,-0.1767082458002759,-0.13108140179847647,0.0325184363576584,-0.04909639626691684,-0.004096164823918045,-0.01856059934400116,0,1
6,Dragonnet,0.1945881669546267,0.4366217239239152,344.5402367115021,-0.12502475082874298,-0.009268997237086296,-0.02858549728989601,-0.1918100267648697,-0.15272508561611176,0.05252314731478691,-0.10756015032529831,-0.011861821636557579,-0.04859406501054764,0,1
7,CEVAE,0.2068469779495786,0.44808857779532746,711.5359361171722,-0.08077316731214523,0.0029532313346862793,-0.07805953174829483,-0.15738047659397125,,-0.043976929038763046,-0.05197546258568764,-0.04527005925774574,-0.03931846842169762,0,1
8,M3E2,0.15249644934915021,0.6242424242424243,287.0103483200073,-0.40179166197776794,-0.12817677855491638,-0.2979232966899872,-0.13197506964206696,-0.21805799007415771,0.058136485517024994,-0.2683299779891968,-0.024399474263191223,-0.2697562575340271,0,1
9,TrueTreat,0.0,0.0,0.0,-0.441013086491916,-0.10003930209180582,-0.2446844960264348,-0.5602232998003644,-0.46688949753749187,0.24431946996910275,-0.23752210438139734,0.03783930207442447,0.02580471294838946,0,1
10,DA,0.19179544617084324,0.037238169123351435,213.83915877342224,-0.16785752256372968,-0.003976661944534507,-0.05345477421937272,-0.19051020308927494,-0.1476673126271077,0.03569093808406001,-0.055379721446646296,-0.022734375316548098,0.0003734971255600579,0,2
11,Dragonnet,0.18699218825148384,0.4361346485088717,348.75183510780334,-0.16421140730381012,0.025654369965195656,-0.07125469297170639,-0.17206338047981262,-0.17638902366161346,0.01446035411208868,-0.10534131526947021,-0.006491919979453087,0.0038316932041198015,0,2
12,CEVAE,0.2161483856572145,0.4506397686106262,780.6682131290436,-0.10107625275850296,-0.0016020238399505615,-0.08343690633773804,-0.17725442349910736,-0.10649430751800537,-0.011365474201738834,-0.03323224186897278,-0.03353828191757202,-0.045192599296569824,0,2
13,M3E2,0.2080898498529166,0.6227272727272727,288.5170373916626,-0.34615814685821533,-0.252412885427475,-0.08887875825166702,-0.3532756268978119,-0.19684258103370667,-0.15198105573654175,-0.045679058879613876,-0.17173506319522858,-0.16925714910030365,0,2
14,TrueTreat,0.0,0.0,0.0,-0.441013086491916,-0.10003930209180582,-0.2446844960264348,-0.5602232998003644,-0.46688949753749187,0.24431946996910275,-0.23752210438139734,0.03783930207442447,0.02580471294838946,0,2
15,DA,0.19754647754723834,0.04430863254392666,213.01992535591125,-0.1546224364532586,-0.023821667438179834,-0.04737141163015208,-0.1501517293555571,-0.14604247783841026,0.05698602701350205,-0.04073680732954513,-0.028439908002785758,-0.01087567565963776,0,3
16,Dragonnet,0.21087077290617515,0.4287677315834509,347.59708428382874,-0.1454336792230606,-0.04091494157910347,-0.00142025260720402,-0.18623726069927216,-0.1350506693124771,-0.0012168397661298513,-0.04746822640299797,-0.04711329936981201,-0.04769657552242279,0,3
17,CEVAE,0.15094113257425942,0.4430663746019239,602.1912968158722,-0.1032698005437851,-0.029546141624450684,-0.06520165503025055,,,,-0.046719763427972794,-0.027002394199371338,-0.03647875785827637,0,3
18,M3E2,0.2492442579973175,0.6227272727272727,289.26214361190796,0.054885994642972946,0.03974604234099388,-0.04679214209318161,-0.31612831354141235,0.04774682596325874,-0.001530444249510765,-0.07751144468784332,-0.08690660446882248,-0.094479039311409,0,3
19,TrueTreat,0.0,0.0,0.0,-0.441013086491916,-0.10003930209180582,-0.2446844960264348,-0.5602232998003644,-0.46688949753749187,0.24431946996910275,-0.23752210438139734,0.03783930207442447,0.02580471294838946,0,3
20,DA,0.20949397542993617,0.03753753753753754,213.56533932685852,-0.13622177399855276,-0.0014471491902628478,-0.03982138228996473,-0.16585801821882992,-0.10940596709184781,0.0319013661239271,-0.050440933346787196,-0.014917690702265746,-0.047289407106005134,0,4
21,Dragonnet,0.2060903177112441,0.4318626333555644,349.71085238456726,-0.17138715088367462,-0.05021732673048973,-0.05425599217414856,-0.22403781116008759,-0.07106874883174896,0.015356221236288548,-0.036202967166900635,-0.036766212433576584,-0.0822375938296318,0,4
22,CEVAE,0.20514841707273787,0.45824874179340475,777.6301441192627,-0.09429896622896194,-0.002913594013080001,-0.06233656406402588,,-0.0907452404499054,-0.021898508071899414,-0.04805269464850426,-0.06026412546634674,-0.05925979092717171,0,4
23,M3E2,0.1719530109209238,0.6112121212121212,279.2672894001007,-0.33268022537231445,-0.1963750720024109,-0.2502294182777405,-0.2819172739982605,-0.1631617546081543,-0.10208892077207565,-0.21580171585083008,-0.22940629720687866,-0.09415068477392197,0,4
24,TrueTreat,0.0,0.0,0.0,-0.441013086491916,-0.10003930209180582,-0.2446844960264348,-0.5602232998003644,-0.46688949753749187,0.24431946996910275,-0.23752210438139734,0.03783930207442447,0.02580471294838946,0,4
25,DA,0.19681421174177666,0.044039483675018976,168.38668012619019,-0.12272318909638448,-0.030826536848224083,-0.06770720429299774,-0.16582692800929838,-0.10048295574190279,0.06151250216599974,-0.06559577730706576,-0.017349655792425655,-0.010318072024110257,0,5
26,Dragonnet,0.19806478615768425,0.4367173674713157,330.06493854522705,-0.11174940317869186,-0.005218117497861385,-0.04433116689324379,-0.16053742170333862,-0.10649773478507996,0.05733419954776764,-0.10372680425643921,-0.027796437963843346,0.01415378600358963,0,5
27,CEVAE,0.2073025617582187,0.4529760056523567,557.1253366470337,,,-0.0786706879734993,,-0.0831838995218277,-0.005199819803237915,-0.06622718274593353,-0.028139889240264893,,0,5
28,M3E2,0.18465833369379772,0.6121212121212121,279.71287536621094,-0.024682115763425827,-0.3545856475830078,-0.20581115782260895,-0.43780404329299927,0.0756135806441307,0.07268369197845459,-0.164450541138649,0.007954533211886883,0.03846461698412895,0,5
29,TrueTreat,0.0,0.0,0.0,-0.441013086491916,-0.10003930209180582,-0.2446844960264348,-0.5602232998003644,-0.46688949753749187,0.24431946996910275,-0.23752210438139734,0.03783930207442447,0.02580471294838946,0,5
30,DA,0.20596366011492617,0.0755813953488372,218.27760577201843,-0.13181333374963214,-0.015676173664701202,-0.05512833426911201,-0.1786297460833694,-0.10584052136270473,0.027728288466444054,-0.03744884332531641,-0.007853576379560743,-0.03974933425472786,0,6
31,Dragonnet,0.20137587334183657,0.4383387598754933,344.36685967445374,-0.14017988741397858,-0.04555302485823631,-0.06253264844417572,-0.1752198338508606,-0.1110394075512886,6.959016172913834e-05,-0.08006948232650757,-0.036008596420288086,-0.032702866941690445,0,6
32,CEVAE,0.22218974698667068,0.44674777736279886,760.1899800300598,-0.09829473495483398,-0.013125330209732056,-0.0605602003633976,-0.18000663816928864,-0.09364444762468338,-0.029130907729268074,-0.03282278776168823,-0.03725126385688782,-0.05344441905617714,0,6
33,M3E2,0.1670992813002832,0.6154545454545455,285.00784516334534,-0.2262263149023056,0.053502559661865234,-0.20454448461532593,-0.34602078795433044,-0.12529264390468597,0.11194322258234024,-0.13553231954574585,-0.19754847884178162,-0.04406699538230896,0,6
34,TrueTreat,0.0,0.0,0.0,-0.441013086491916,-0.10003930209180582,-0.2446844960264348,-0.5602232998003644,-0.46688949753749187,0.24431946996910275,-0.23752210438139734,0.03783930207442447,0.02580471294838946,0,6
35,DA,0.202500620486662,0.02223987291501191,219.20295906066895,-0.15542183338795784,0.005643720913138836,-0.05346608243044682,-0.16404717542911443,-0.14325042779412775,0.015633706894554292,-0.06544322795550914,-0.029411070513290345,-0.026377975523912158,0,7
36,Dragonnet,0.19888614240538086,0.42010797768723074,344.0458517074585,-0.09314162284135818,-0.006662912666797638,-0.03098265267908573,-0.1852640062570572,-0.1499214470386505,0.059882257133722305,-0.07483311742544174,-0.04101664572954178,0.00868861936032772,0,7
37,CEVAE,0.23621428889258492,0.44458854270026815,753.9087707996368,-0.09503479301929474,-0.009229599498212337,-0.07461816072463989,-0.1618257761001587,-0.0933356061577797,-0.02668955735862255,-0.0768311619758606,-0.04136929288506508,,0,7
38,M3E2,0.1670143398179048,0.6284848484848485,286.72950077056885,-0.23865686357021332,-0.009225853718817234,-0.08354808390140533,-0.31915202736854553,-0.2644669711589813,-0.07679499685764313,-0.15092408657073975,-0.15613949298858643,0.022166816517710686,0,7
39,TrueTreat,0.0,0.0,0.0,-0.441013086491916,-0.10003930209180582,-0.2446844960264348,-0.5602232998003644,-0.46688949753749187,0.24431946996910275,-0.23752210438139734,0.03783930207442447,0.02580471294838946,0,7
40,DA,0.20794617471933752,0.11608222490931076,219.71719932556152,-0.11347875412050776,0.017805878234452666,0.05468456267949713,0.041451663338443814,-0.06765288797689728,0.1440825331774066,-0.09519818671810505,0.02970506079577316,-0.021736460261525477,1,0
41,Dragonnet,0.21184153578873943,0.468887920162224,334.98302936553955,-0.12269297242164612,0.005634661763906479,0.01244273316115141,-0.04989466443657875,-0.06102189049124718,0.20178933441638947,-0.08149451017379761,0.041275061666965485,-0.0742812380194664,1,0
42,CEVAE,0.2178546445174932,0.480934658993036,682.2579896450043,-0.07505744695663452,-0.01715758442878723,0.04332781210541725,,-0.05212349817156792,0.13538002967834473,-0.10073275119066238,0.023441102355718613,-0.033327192068099976,1,0
43,M3E2,0.19550644128966574,0.573030303030303,285.6500597000122,-0.04745674133300781,-0.11014703661203384,0.04283672571182251,0.1120709478855133,-0.1556922048330307,0.2683558166027069,-0.25673049688339233,-0.09122087806463242,-0.14354097843170166,1,0
44,TrueTreat,0.0,0.0,0.0,-0.4060863409158104,0.15293910341251885,0.13204293806586392,0.2682421555390426,-0.21635190733116963,0.5753846742200707,-0.43620294105412,0.1903017252237757,-0.07975977401427464,1,0
45,DA,0.21368987712937582,0.06775407779171894,216.4094033241272,-0.1297381488291266,0.015781712862509102,0.02224480713707496,0.03874898990916745,-0.03140843067580511,0.13329027405769275,-0.0965066864703964,0.027570962918715348,-0.03881265275177636,1,1
46,Dragonnet,0.21650704413764812,0.46732756239212075,335.6098265647888,-0.11301307380199432,-0.022276097908616066,-0.0028130831196904182,0.031107207760214806,-0.016737598925828934,0.20700427889823914,-0.09249606728553772,0.011174396611750126,-0.062304720282554626,1,1
47,CEVAE,0.14261060640625467,0.4862403580986501,566.9021050930023,,0.0256175734102726,0.017451882362365723,0.0321015901863575,-0.026211965829133987,,,,-0.03489983454346657,1,1
48,M3E2,0.1990696743200048,0.5645454545454546,284.1746234893799,-0.28061380982398987,-0.05378211289644241,-0.009963753633201122,0.05225347355008125,-0.12934191524982452,0.10933902859687805,-0.1836361438035965,-0.04127490893006325,-0.1439986526966095,1,1
49,TrueTreat,0.0,0.0,0.0,-0.4060863409158104,0.15293910341251885,0.13204293806586392,0.2682421555390426,-0.21635190733116963,0.5753846742200707,-0.43620294105412,0.1903017252237757,-0.07975977401427464,1,1
50,DA,0.19487761242440746,0.16219303255282697,214.85843062400818,-0.13954441826903807,0.03939353172656293,0.05279044623730596,0.034111042102287506,-0.05800688975339779,0.14823106749776516,-0.12587030038334382,0.037052464809229434,-0.06841288717804858,1,2
51,Dragonnet,0.1983586114449283,0.44957312756525014,338.43636751174927,-0.12930919229984283,0.058261752128601074,0.05635150149464607,0.009384832344949245,-0.0669739842414856,0.14283177256584167,-0.11345523595809937,0.07536584883928299,-0.02014993689954281,1,2
52,CEVAE,0.18086399127064448,0.47730454508877623,692.3224837779999,-0.08928048610687256,0.029704192653298378,0.05507868900895119,0.019847065210342407,-0.03292128071188927,,-0.13626284897327423,,-0.06248265877366066,1,2
53,M3E2,0.21618000023346717,0.5606060606060606,283.96165800094604,-0.3028659224510193,-0.0774213895201683,0.13046644628047943,0.014736823737621307,-0.0664876326918602,0.14125551283359528,-0.024997994303703308,-0.06825360655784607,-0.1829633265733719,1,2
54,TrueTreat,0.0,0.0,0.0,-0.4060863409158104,0.15293910341251885,0.13204293806586392,0.2682421555390426,-0.21635190733116963,0.5753846742200707,-0.43620294105412,0.1903017252237757,-0.07975977401427464,1,2
55,DA,0.20332724359613621,0.12345679012345678,210.5217342376709,-0.13022141303919665,0.034982572067877304,0.05829378261259021,0.030544801438583766,-0.05080820840680965,0.14149117190303173,-0.08969731483021214,0.04433387853833579,-0.04699322457478344,1,3
56,Dragonnet,0.2035585532514235,0.478783230043446,339.05017614364624,-0.15120545029640198,0.04054665192961693,0.06289076060056686,0.032049160450696945,-0.02413729578256607,0.1831091046333313,-0.0963137224316597,0.043957944959402084,0.008925510570406914,1,3
57,CEVAE,0.1925201009457519,0.4830227939991156,748.5566446781158,-0.1352791041135788,0.0223540049046278,0.0505187064409256,0.0240731630474329,-0.02544238045811653,0.1259882152080536,,0.04360172152519226,-0.05369051545858383,1,3
58,M3E2,0.2109258294844282,0.5587878787878788,286.51952600479126,-0.35163506865501404,-0.00518518453463912,0.0400189533829689,0.01722084917128086,-0.00023615868121851236,0.14409175515174866,-0.04562939330935478,-0.0388006865978241,-0.1553867608308792,1,3
59,TrueTreat,0.0,0.0,0.0,-0.4060863409158104,0.15293910341251885,0.13204293806586392,0.2682421555390426,-0.21635190733116963,0.5753846742200707,-0.43620294105412,0.1903017252237757,-0.07975977401427464,1,3
60,DA,0.21143631267975715,0.1050656660412758,209.01866483688354,-0.11290469480305551,-0.0033935603104540187,0.08461618240905189,0.03291092328240789,-0.05431270625018837,0.13980976992932928,-0.07925538393426004,0.007190835828788267,-0.04677780953220464,1,4
61,Dragonnet,0.21664012570977845,0.4579856174256726,332.42556953430176,-0.09185533225536346,0.008219164796173573,0.049391403794288635,0.0031770409550517797,-0.06113233044743538,0.1735013723373413,-0.054561223834753036,0.006374947726726532,-0.05933761224150658,1,4
62,CEVAE,0.2261193173555514,0.468208517590003,760.2026932239532,-0.09624552726745605,-0.020784499123692513,0.06825309991836548,0.033460766077041626,-0.038407087326049805,0.12432168424129486,-0.08221951872110367,-0.03458128869533539,-0.034695807844400406,1,4
63,M3E2,0.16927969813105875,0.5715151515151515,284.71251606941223,-0.2654491364955902,-0.039251603186130524,0.14829005300998688,0.07082613557577133,-0.13709348440170288,0.1768161952495575,-0.209709033370018,-0.008314753882586956,-0.15384872257709503,1,4
64,TrueTreat,0.0,0.0,0.0,-0.4060863409158104,0.15293910341251885,0.13204293806586392,0.2682421555390426,-0.21635190733116963,0.5753846742200707,-0.43620294105412,0.1903017252237757,-0.07975977401427464,1,4
65,DA,0.19033242290740385,0.21397379912663755,217.22134232521057,-0.13271543287718157,0.06036029443661648,0.05282588674657287,0.06276343962842743,-0.059110969023018545,0.14208027484781283,-0.11908834560878055,0.04767909782612053,-0.0676960126154807,1,5
66,Dragonnet,0.18144183640377196,0.46430591689263523,335.3817319869995,-0.132521852850914,0.07495290786027908,0.08528698980808258,0.05481141433119774,-0.06072703003883362,0.23017863929271698,-0.15574990212917328,-0.013357414864003658,-0.04346371069550514,1,5
67,CEVAE,0.2188550276597045,0.46561346081907484,752.8614315986633,-0.08231449127197266,0.0272748451679945,0.05042940005660057,0.05245868116617203,,0.1062854751944542,-0.1169474646449089,0.02252211980521679,-0.031886953860521317,1,5
68,M3E2,0.1693026538179806,0.5563636363636364,288.72639298439026,-0.16857600212097168,0.05898429453372955,0.06949113309383392,0.053936395794153214,-0.182680144906044,0.12195917218923569,-0.23501285910606384,-0.014761858619749546,-0.1018100157380104,1,5
69,TrueTreat,0.0,0.0,0.0,-0.4060863409158104,0.15293910341251885,0.13204293806586392,0.2682421555390426,-0.21635190733116963,0.5753846742200707,-0.43620294105412,0.1903017252237757,-0.07975977401427464,1,5
70,DA,0.2026666950018769,0.16243654822335027,200.94623517990112,-0.14609846489293482,0.021078155707078706,0.05768766779050928,0.03259457085355268,-0.05348355380496171,0.10799152991463061,-0.10366579073975778,0.06018913588417743,-0.05052243517215135,1,6
71,Dragonnet,0.1962474048893962,0.4675568014589087,323.71370005607605,-0.14442001283168793,0.04307374358177185,0.10249219834804535,0.016306482255458832,0.018599461764097214,0.20907698571681976,-0.11854440718889236,0.05237581580877304,-0.023394731804728508,1,6
72,CEVAE,0.2455309931452115,0.48271279903219516,624.1248550415039,-0.10102618485689163,,,0.03490781784057617,,0.08714072406291962,,0.0496879518032074,-0.019357025623321533,1,6
73,M3E2,0.14725352073882103,0.5618181818181818,286.16397500038147,-0.3020855486392975,-0.011495426297187805,0.23062480986118317,0.1286548674106598,-0.2096768021583557,0.1653899997472763,-0.21740946173667908,0.13050265610218048,-0.2031746506690979,1,6
74,TrueTreat,0.0,0.0,0.0,-0.4060863409158104,0.15293910341251885,0.13204293806586392,0.2682421555390426,-0.21635190733116963,0.5753846742200707,-0.43620294105412,0.1903017252237757,-0.07975977401427464,1,6
75,DA,0.20731999081026206,0.23020833333333335,215.91315817832947,-0.11259540169492657,-0.0057534668740541126,0.0832981152855969,0.012314780374732064,-0.04468232865206728,0.1545145607848249,-0.10553981616956158,0.04855160569497534,-0.03568850070165744,1,7
76,Dragonnet,0.20503920113159357,0.4747718328525152,336.62185859680176,-0.10916084051132202,-0.04055124521255493,0.10374032706022263,-0.027154920622706413,-0.028556786477565765,0.2466530054807663,-0.13047827780246735,0.04063558951020241,-0.02044008858501911,1,7
77,CEVAE,0.22699987125487284,0.47564392000202016,730.0971400737762,-0.07437106966972351,,0.06159983202815056,0.017624646425247192,-0.01809924654662609,0.13918642699718475,-0.11304342746734619,0.02048271894454956,-0.04396611824631691,1,7
78,M3E2,0.16549088105671741,0.5472727272727272,292.5239372253418,-0.2620295584201813,0.027702147141098976,0.12180984020233154,0.13368676602840424,-0.02239164710044861,0.20744162797927856,-0.021299799904227257,0.09183374047279358,-0.07969850301742554,1,7
79,TrueTreat,0.0,0.0,0.0,-0.4060863409158104,0.15293910341251885,0.13204293806586392,0.2682421555390426,-0.21635190733116963,0.5753846742200707,-0.43620294105412,0.1903017252237757,-0.07975977401427464,1,7
80,DA,0.19351107170494844,0.2737642585551331,218.62853074073792,0.005611276825458213,0.023935428183445438,0.19263147434556893,-0.13884098354985613,0.14224071615923706,0.02328019561425907,-0.02196761884729397,0.08958359451252405,0.06274557241752837,2,0
81,Dragonnet,0.20122197385357243,0.4679161767218698,348.23457193374634,0.05614094436168671,0.050658777356147766,0.1332000344991684,-0.08535390347242355,0.1534726470708847,0.019118500873446465,-0.013567852787673473,0.11247766762971878,0.06089511141180992,2,0
82,CEVAE,0.21751843026086595,0.4811764445273309,659.7336225509644,0.05521218106150627,0.06013492867350578,0.14589309692382812,-0.02463785745203495,0.11432648450136185,0.02706316113471985,0.010871291160583496,,,2,0
83,M3E2,0.1829786037716385,0.5978787878787879,285.26868200302124,-0.06722461432218552,-0.06148136034607887,0.22285208106040955,-0.3461129367351532,0.18341997265815735,-0.044667720794677734,-0.1562746912240982,0.08173805475234985,0.019976262003183365,2,0
84,TrueTreat,0.0,0.0,0.0,0.10418946185136765,0.014066706806582369,0.5340490239171135,-0.41006770210124716,0.4483588962987158,0.210436841414051,-0.1257203542895107,0.3113220216518079,0.26448805471558473,2,0
85,DA,0.1938004511248247,0.2138364779874214,212.60265445709229,-0.0011723392900545937,0.029170335923736797,0.1703588590641543,-0.1482594895792378,0.15209382766387602,0.03433145971775216,0.00613133856809142,0.0989033113641807,0.08288865570207571,2,1
86,Dragonnet,0.2214486635300162,0.4813912224925762,332.37506461143494,-0.009084559045732021,0.0267779678106308,0.12246981263160706,-0.08726111799478531,0.13303595781326294,0.027617257088422775,0.05730128660798073,0.04758823290467262,0.07671911269426346,2,1
87,CEVAE,0.18000651091534245,0.48794521589128764,671.0500183105469,0.014023144729435444,0.041207700967788696,,-0.07929164171218872,0.1718066930770874,0.04612666368484497,,0.10986435413360596,0.09484589844942093,2,1
88,M3E2,0.1626729345319671,0.5921212121212122,268.5070388317108,-0.04516418278217316,-0.05027841404080391,0.19686388969421387,-0.36030372977256775,0.2324521541595459,0.006315996870398521,-0.053052861243486404,0.13214968144893646,0.0729469358921051,2,1
89,TrueTreat,0.0,0.0,0.0,0.10418946185136765,0.014066706806582369,0.5340490239171135,-0.41006770210124716,0.4483588962987158,0.210436841414051,-0.1257203542895107,0.3113220216518079,0.26448805471558473,2,1
90,DA,0.18314096441645103,0.3366533864541833,200.4950704574585,0.024956689185928038,0.0020155252237127534,0.18111821523986177,-0.1258782149733571,0.1561684095794705,0.06192765520627633,-0.013884115575351933,0.1201399322857588,0.08834162602820438,2,2
91,Dragonnet,0.19877828357100513,0.4710269324130698,323.2176411151886,0.04861478507518768,-0.015472611412405968,0.14536866545677185,-0.11194033920764923,0.07531178742647171,0.05439954251050949,-0.019166553393006325,0.12739120423793793,0.06697424501180649,2,2
92,CEVAE,0.19645063143436595,0.47930501198487724,688.6278984546661,0.04782705754041672,-0.005143779329955578,0.14424669742584229,-0.047027587890625,0.1532004177570343,0.05098390579223633,-0.013937253504991531,,0.08769284933805466,2,2
93,M3E2,0.1795494894764161,0.6027272727272728,264.05786776542664,-0.020222334191203117,-0.04228006303310394,0.1645483821630478,-0.25797292590141296,0.1615307778120041,-0.02710730768740177,-0.06850143522024155,0.13080169260501862,0.11300814896821976,2,2
94,TrueTreat,0.0,0.0,0.0,0.10418946185136765,0.014066706806582369,0.5340490239171135,-0.41006770210124716,0.4483588962987158,0.210436841414051,-0.1257203542895107,0.3113220216518079,0.26448805471558473,2,2
95,DA,0.1876778888435136,0.3241344706472654,198.994225025177,0.012331539863885013,0.022641629688279562,0.1863742214394638,-0.14715050373148278,0.17902672917535345,0.03747041164273807,0.010959440046177327,0.07804081482035076,0.09867149890237661,2,3
96,Dragonnet,0.21667662377880437,0.4661970098246303,326.02362060546875,-0.0243480633944273,0.0725826546549797,0.13476905226707458,-0.09697205573320389,0.15391817688941956,0.03060677833855152,0.007428786717355251,0.03407072275876999,0.09849875420331955,2,3
97,CEVAE,0.19196314929774824,0.48656935238473387,692.5965709686279,0.05158647149801254,0.01719222404062748,0.1669108122587204,-0.05833134800195694,0.17697596549987793,0.05117371678352356,0.0044065979309380054,0.10409069061279297,0.07942712306976318,2,3
98,M3E2,0.15595678808768615,0.5887878787878787,266.88185572624207,-0.054490748792886734,-0.04856633022427559,0.26139357686042786,-0.3497021496295929,0.2567383348941803,-0.006920918822288513,-0.10752640664577484,0.07041417807340622,0.08329132199287415,2,3
99,TrueTreat,0.0,0.0,0.0,0.10418946185136765,0.014066706806582369,0.5340490239171135,-0.41006770210124716,0.4483588962987158,0.210436841414051,-0.1257203542895107,0.3113220216518079,0.26448805471558473,2,3
100,DA,0.1940056532263595,0.30387596899224806,201.027263879776,0.02494933378317078,-0.00840870355600279,0.17498931922749844,-0.11181700385547792,0.13960996271973491,0.0465217149797672,0.019252188642454073,0.1101726491165911,0.0962490925249618,2,4
101,Dragonnet,0.2164318679635037,0.4755829797415123,324.45640444755554,-0.03877180814743042,0.039481185376644135,0.12468913942575455,-0.09342466294765472,0.13761533796787262,0.022607291117310524,0.03832688555121422,0.08503605425357819,0.09988623112440109,2,4
102,CEVAE,0.2008619638530416,0.4777682422764916,697.183831691742,0.022546976804733276,0.005330890417098999,0.16396595537662506,-0.028663186356425285,0.13708671927452087,0.052150484174489975,0.01944606937468052,0.13979579508304596,0.08484745025634766,2,4
103,M3E2,0.1530509917798227,0.6066666666666667,272.27215576171875,-0.002266761614009738,-0.025866638869047165,0.26417872309684753,-0.23204699158668518,0.20994317531585693,0.03701253607869148,-0.0713384598493576,0.16224147379398346,0.09661217778921127,2,4
104,TrueTreat,0.0,0.0,0.0,0.10418946185136765,0.014066706806582369,0.5340490239171135,-0.41006770210124716,0.4483588962987158,0.210436841414051,-0.1257203542895107,0.3113220216518079,0.26448805471558473,2,4
105,DA,0.18947117630741472,0.2863006670087224,215.59048008918762,0.013146587465524339,-0.0010837099827930264,0.15944271725216763,-0.1565806549706476,0.15637347662227724,0.03925820906988637,-0.00854487926085767,0.10461902517726734,0.0805766364434131,2,5
106,Dragonnet,0.21121855597095382,0.4803712491797428,341.10757541656494,0.0031185997650027275,-0.02477855235338211,0.08056971430778503,-0.1322590857744217,0.1745462417602539,0.009188867174088955,-0.006547047756612301,0.08682079613208771,0.0534602589905262,2,5
107,CEVAE,0.190657026233574,0.48213702945468323,779.6383702754974,0.01481014583259821,0.00670072715729475,0.1382751166820526,-0.06648635864257812,0.18023774027824402,0.09589223563671112,-0.01039730291813612,0.12676386535167694,0.06722233444452286,2,5
108,M3E2,0.1926049162693821,0.5951515151515151,288.05520725250244,-0.026717720553278923,-0.10485218465328217,0.17814813554286957,-0.306284636259079,0.17463651299476624,-0.04957589879631996,-0.09540823847055435,0.09602831304073334,0.019894784316420555,2,5
109,TrueTreat,0.0,0.0,0.0,0.10418946185136765,0.014066706806582369,0.5340490239171135,-0.41006770210124716,0.4483588962987158,0.210436841414051,-0.1257203542895107,0.3113220216518079,0.26448805471558473,2,5
110,DA,0.18499433740349883,0.31999999999999995,212.71010327339172,0.005886554368031161,-0.013469811494177869,0.18428454067051636,-0.16847701734143566,0.12814355943251707,0.04431831342209334,-0.022624686142369125,0.12286703959690319,0.09461812693480325,2,6
111,Dragonnet,0.18283817637278,0.4769953333045154,346.52751302719116,-0.027744503691792488,-0.04651970416307449,0.14106400310993195,-0.152628555893898,0.12897074222564697,0.08018555492162704,-0.055502999573946,0.1713213175535202,0.12174651026725769,2,6
112,CEVAE,0.19454203574858336,0.48542300160408736,672.0949778556824,0.07567957043647766,,0.13132232427597046,-0.053956400603055954,,0.0947272852063179,0.0031246000435203314,0.14612706005573273,0.09979116916656494,2,6
113,M3E2,0.17609048281905879,0.5809090909090909,298.70805954933167,-0.09350466728210449,-0.12879914045333862,0.2092626541852951,-0.39481621980667114,0.17739297449588776,-0.035351257771253586,-0.1685635894536972,0.1604604721069336,0.07073034346103668,2,6
114,TrueTreat,0.0,0.0,0.0,0.10418946185136765,0.014066706806582369,0.5340490239171135,-0.41006770210124716,0.4483588962987158,0.210436841414051,-0.1257203542895107,0.3113220216518079,0.26448805471558473,2,6
115,DA,0.18401730932563007,0.26504751847940866,211.28157591819763,0.01695049099774084,5.1441982382938456e-05,0.18481796528392347,-0.14701957864475754,0.15527400723361207,0.04544069730172232,0.0010857396761949183,0.11407244355864897,0.10400239378871694,2,7
116,Dragonnet,0.20854481588615337,0.47762624064735476,350.9901604652405,0.010073740966618061,-0.014995088800787926,0.10682480782270432,-0.10211090743541718,0.14775200188159943,0.004416401498019695,-0.027321824803948402,0.06848140805959702,0.09380971640348434,2,7
117,CEVAE,0.22330164242159212,0.4869894510834411,703.2761232852936,,-0.03157573938369751,0.1573072373867035,-0.05528732016682625,0.1409081071615219,0.06093323230743408,0.002841770648956299,0.1108916625380516,,2,7
118,M3E2,0.178727074625393,0.5860606060606061,288.99333667755127,-0.04970400780439377,-0.10477308183908463,0.20873627066612244,-0.303354412317276,0.15996284782886505,0.014866962097585201,-0.03817649185657501,0.14875054359436035,0.09478495270013809,2,7
119,TrueTreat,0.0,0.0,0.0,0.10418946185136765,0.014066706806582369,0.5340490239171135,-0.41006770210124716,0.4483588962987158,0.210436841414051,-0.1257203542895107,0.3113220216518079,0.26448805471558473,2,7
120,DA,0.11565355646340097,0.2913085004775549,221.73282885551453,-0.14597524820125396,-0.044832982542586886,-0.0030692262897635634,0.15166143369753401,0.018442009123971783,-0.011787808579876251,0.017384866740368266,0.036774307204055605,-0.05452527227915941,3,0
121,Dragonnet,0.11917948800084781,0.4758939112156658,343.5169417858124,-0.1868772953748703,-0.01326341275125742,-0.04490487650036812,0.1240251362323761,0.017821693792939186,-0.04327863082289696,-0.009409098885953426,0.07963674515485764,-0.05218680202960968,3,0
122,CEVAE,0.13801101265622695,0.4880621240511506,787.9558138847351,-0.12060225009918213,-0.01701907441020012,0.03241032361984253,0.11178803443908691,0.015971986576914787,-0.043711960315704346,-0.014643131755292416,0.03630414605140686,-0.06031018868088722,3,0
123,M3E2,0.12775784416464703,0.5636363636363636,290.24442291259766,-0.2656441032886505,-0.16227439045906067,-0.016190744936466217,0.2113426774740219,-0.03407122194766998,-0.06965813785791397,-0.024676214903593063,-0.02953275293111801,-0.14833132922649384,3,0
124,TrueTreat,0.0,0.0,0.0,-0.44715711835757965,-0.10912746262799736,-0.024124367018002156,0.4658731758411227,0.06934705062859976,0.08868974481724669,0.020685370370614943,0.15675016920596183,0.01095454224398206,3,0
125,DA,0.112686188352307,0.169060773480663,221.9957354068756,-0.17639892421608244,-0.06406474909572518,0.004868972576253909,0.15627599443032275,0.02012909541762443,-0.0290515696747675,0.03134289106005789,0.01690139485135641,-0.031344159500917554,3,1
126,Dragonnet,0.13330827100606868,0.4836607992575945,347.1004683971405,-0.17322847247123718,-0.017592858523130417,-0.058965105563402176,0.08423912525177002,0.07198211550712585,-0.041134484112262726,0.07699786871671677,0.015258529223501682,-0.07661842554807663,3,1
127,CEVAE,0.14243177174377455,0.48780927545553177,723.3506557941437,-0.1371021270751953,-0.05477619171142578,,0.12028753012418747,-0.02225184626877308,-0.02997639589011669,-0.015818655490875244,,-0.029306888580322266,3,1
128,M3E2,0.11534095764100741,0.5636363636363636,290.8468358516693,-0.3344142735004425,-0.0858437642455101,0.03806652873754501,0.24874885380268097,-0.05737192928791046,-0.10794111341238022,-0.009795940481126308,0.01284736581146717,-0.1140383630990982,3,1
129,TrueTreat,0.0,0.0,0.0,-0.44715711835757965,-0.10912746262799736,-0.024124367018002156,0.4658731758411227,0.06934705062859976,0.08868974481724669,0.020685370370614943,0.15675016920596183,0.01095454224398206,3,1
130,DA,0.11735676459609021,0.1949616648411829,219.61603307724,-0.1641475144216051,-0.04961299381138381,0.034018681477684665,0.15449476673694693,0.005031835663465826,-0.001037131569273365,0.02328037704202484,0.028784267104034717,-0.048607808643388185,3,2
131,Dragonnet,0.12995474035650273,0.48591218567333044,340.10349559783936,-0.1955898404121399,-0.044428467750549316,0.03003063052892685,0.08020170778036118,0.011232203803956509,-0.0723947286605835,0.02927776239812374,0.04290434718132019,-0.06090784817934036,3,2
132,CEVAE,0.13499743720664106,0.4929063152205441,775.9191439151764,-0.12096383422613144,-0.0610891617834568,0.040477871894836426,0.09139645099639893,-0.004306167364120483,-0.008467704057693481,-0.014304219745099545,0.030342213809490204,-0.05850363150238991,3,2
133,M3E2,0.11104453019931321,0.5581818181818182,281.0224690437317,-0.34536176919937134,-0.16254566609859467,0.06643643230199814,0.25800150632858276,-0.030263656750321388,-0.08355353772640228,-0.012828366830945015,0.012706274166703224,-0.08538858592510223,3,2
134,TrueTreat,0.0,0.0,0.0,-0.44715711835757965,-0.10912746262799736,-0.024124367018002156,0.4658731758411227,0.06934705062859976,0.08868974481724669,0.020685370370614943,0.15675016920596183,0.01095454224398206,3,2
135,DA,0.11393704304656582,0.24602767811378778,210.32161259651184,-0.16080332703587405,-0.06735679941327835,-0.0010026903846583174,0.16394527162189715,0.043994499791471735,0.013717924034627394,0.03296523602548755,-0.00701439078272895,-0.0849360125228055,3,3
136,Dragonnet,0.13303557799203308,0.48806013657729547,334.0470914840698,-0.12599219381809235,-0.06346423923969269,0.014673908241093159,0.19705046713352203,0.025499051436781883,-0.06879199296236038,0.022453511133790016,0.017256811261177063,-0.16932529211044312,3,3
137,CEVAE,0.13189197607485972,0.4876959829939715,747.0511889457703,-0.12675124406814575,-0.06424583494663239,0.011688964441418648,0.11337260156869888,-0.011897155083715916,0.0004974114708602428,-0.005172461271286011,-0.021893948316574097,-0.04853334650397301,3,3
138,M3E2,0.09537234244489345,0.5666666666666667,284.5054247379303,-0.36083388328552246,-0.19752447307109833,-0.031048575416207314,0.2791902422904968,-0.0028605915140360594,-0.018719887360930443,-0.029239069670438766,-0.0024046467151492834,-0.09037262201309204,3,3
139,TrueTreat,0.0,0.0,0.0,-0.44715711835757965,-0.10912746262799736,-0.024124367018002156,0.4658731758411227,0.06934705062859976,0.08868974481724669,0.020685370370614943,0.15675016920596183,0.01095454224398206,3,3
140,DA,0.1105990555444587,0.18905472636815923,216.93333411216736,-0.14713657218934034,-0.04353173001959204,-0.019523763827199912,0.1888966139022439,0.028084600285714266,-0.003674908710662283,0.025366658500938555,0.007077031836306523,-0.049261984379047295,3,4
141,Dragonnet,0.12613059122741832,0.4899639562698124,338.6413071155548,-0.13137443363666534,-0.04331440106034279,0.04875563830137253,0.13249899446964264,0.017656205222010612,-0.00013044406659901142,0.0560004897415638,0.025245854631066322,-0.029040377587080002,3,4
142,CEVAE,0.07622542999872231,0.4809070691838224,741.7149720191956,,-0.04049256443977356,0.014914763160049915,,0.005223274230957031,-0.02848649024963379,-0.008187830448150635,0.01036271546036005,-0.05838877335190773,3,4
143,M3E2,0.11065053949374629,0.5536363636363636,289.5105137825012,-0.2624577283859253,-0.12585154175758362,-0.035893723368644714,0.29323625564575195,-0.02360152080655098,-0.13139896094799042,0.014106079004704952,-0.0088315699249506,-0.11387225985527039,3,4
144,TrueTreat,0.0,0.0,0.0,-0.44715711835757965,-0.10912746262799736,-0.024124367018002156,0.4658731758411227,0.06934705062859976,0.08868974481724669,0.020685370370614943,0.15675016920596183,0.01095454224398206,3,4
145,DA,0.11611760630856699,0.20528455284552846,218.07819032669067,-0.15529237182041966,-0.06854894351004334,-0.004213722605472879,0.14941951922778154,0.04004207406649213,-0.018305016013658776,0.025924395133501362,-0.013955574189475135,-0.05305184230079996,3,5
146,Dragonnet,0.11965527297150219,0.4943787818367833,347.61228108406067,-0.15751194953918457,-0.020926818251609802,-0.0319039411842823,0.11208030581474304,0.05936632677912712,-0.0531756728887558,-0.01891227625310421,0.04451664164662361,-0.022847341373562813,3,5
147,CEVAE,0.1334040492622242,0.49486960201047203,783.7585077285767,-0.1240076944231987,-0.04636388644576073,0.03362131118774414,0.12789154052734375,0.008090615272521973,-0.022940872237086296,-0.006686150562018156,-0.00577014684677124,-0.04526269808411598,3,5
148,M3E2,0.1342368772784147,0.546969696969697,287.3023030757904,-0.2574755549430847,-0.20062990486621857,-0.006146779749542475,0.25017261505126953,-0.039740536361932755,-0.15074217319488525,0.006703963503241539,-0.04405911639332771,-0.1190050020813942,3,5
149,TrueTreat,0.0,0.0,0.0,-0.44715711835757965,-0.10912746262799736,-0.024124367018002156,0.4658731758411227,0.06934705062859976,0.08868974481724669,0.020685370370614943,0.15675016920596183,0.01095454224398206,3,5
150,DA,0.11970594362806018,0.23042394014962597,216.82488656044006,-0.17760940804539033,-0.051434040244345926,0.01197123359533841,0.16932207763410012,0.012420852830849514,-0.00905095635341976,0.018934832772995756,-0.0011075591369846382,-0.0922359539833733,3,6
151,Dragonnet,0.13267303642653944,0.4895086446503347,348.6451599597931,-0.2049883008003235,-0.04810613393783569,-0.0022823987528681755,0.1517503410577774,0.02187471091747284,-0.053850870579481125,-0.008117477409541607,-0.029516765847802162,-0.13886509835720062,3,6
152,CEVAE,0.16157484579728032,0.4888279024674175,666.2372999191284,-0.10708516091108322,-0.04938402399420738,0.02461111545562744,0.1256992369890213,0.00011101365089416504,,,-0.004074782133102417,-0.10128357261419296,3,6
153,M3E2,0.12450696253609975,0.546969696969697,286.7347068786621,-0.31775474548339844,-0.1217360571026802,0.030844315886497498,0.24529516696929932,0.0006005951436236501,-0.06500810384750366,-0.05443815141916275,-0.054061900824308395,-0.18367056548595428,3,6
154,TrueTreat,0.0,0.0,0.0,-0.44715711835757965,-0.10912746262799736,-0.024124367018002156,0.4658731758411227,0.06934705062859976,0.08868974481724669,0.020685370370614943,0.15675016920596183,0.01095454224398206,3,6
155,DA,0.11652783426696708,0.31312217194570136,213.05339694023132,-0.15226100425822559,-0.04587572809598676,0.027429400835819257,0.16195023320637986,0.05104674860562905,-0.012476530289828853,0.007548185149536363,0.0290085223083655,-0.06382599779007163,3,7
156,Dragonnet,0.14434869178309498,0.48023316155958173,346.7344195842743,-0.13562797009944916,-0.0766347199678421,-0.054609742015600204,0.07372534275054932,0.008911221288144588,-0.023347273468971252,-0.04970158636569977,-0.013803645968437195,-0.10811496526002884,3,7
157,CEVAE,0.17323332417155002,0.4759303521569098,628.3093571662903,-0.11766444146633148,-0.029005499556660652,0.03365517407655716,0.10760635137557983,,,,0.008258715271949768,-0.054292943328619,3,7
158,M3E2,0.14607122372082926,0.5445454545454546,288.8877866268158,-0.10617431253194809,-0.1636868268251419,0.09831713885068893,0.3154844343662262,0.09436917304992676,-0.09016039222478867,0.12490104883909225,-0.026496516540646553,-0.14397943019866943,3,7
159,TrueTreat,0.0,0.0,0.0,-0.44715711835757965,-0.10912746262799736,-0.024124367018002156,0.4658731758411227,0.06934705062859976,0.08868974481724669,0.020685370370614943,0.15675016920596183,0.01095454224398206,3,7
